time,x,is_anomaly,x1
1,10.30037671,0,10.30037671
2,8.419791391,0,8.419791391
3,10.2210053,0,10.2210053
4,9.711716365,0,9.711716365
5,12.42708016,0,12.42708016
6,12.82315659,0,12.82315659
7,15.00452788,0,15.00452788
8,15.13540149,0,15.13540149
9,12.56076572,0,12.56076572
10,16.73791224,0,16.73791224
11,12.53881996,0,12.53881996
12,8.360899963,0,8.360899963
13,9.549280588,0,9.549280588
14,9.256116047,0,9.256116047
15,9.411825487,0,9.411825487
16,7.118756968,0,7.118756968
17,10.49252998,0,10.49252998
18,9.549278133,0,9.549278133
19,12.04260725,0,12.04260725
20,12.16356204,0,12.16356204
21,13.37829554,0,13.37829554
22,13.82980749,0,13.82980749
23,3.10741749,0,3.10741749
24,7.058495631,0,7.058495631
25,16.087993,0,16.087993
26,8.66588271,0,8.66588271
27,15.61585632,0,15.61585632
28,10.89328874,0,10.89328874
29,14.47597063,0,14.47597063
30,13.9566011,0,13.9566011
31,17.60994742,0,17.60994742
32,11.32263117,0,11.32263117
33,8.867075682,0,8.867075682
34,14.77493933,0,14.77493933
35,8.807636987,0,8.807636987
36,11.1170778,0,11.1170778
37,18.76144366,0,18.76144366
38,9.351715368,0,9.351715368
39,11.2046288,0,11.2046288
40,8.49682446,0,8.49682446
41,15.18793811,0,15.18793811
42,11.58004534,0,11.58004534
43,11.72815265,0,11.72815265
44,9.864971384,0,9.864971384
45,11.44683809,0,11.44683809
46,10.520108,0,10.520108
47,8.596099273,0,8.596099273
48,16.04444466,0,16.04444466
49,10.97901206,0,10.97901206
50,12.46817161,0,12.46817161
51,10.16333765,0,10.16333765
52,15.49840009,0,15.49840009
53,11.81092903,0,11.81092903
54,12.63649494,0,12.63649494
55,9.071639146,0,9.071639146
56,10.64544316,0,10.64544316
57,12.16252767,0,12.16252767
58,8.744286364,0,8.744286364
59,15.24609478,0,15.24609478
60,11.80442375,0,11.80442375
61,7.964801872,0,7.964801872
62,15.11134247,0,15.11134247
63,13.07917116,0,13.07917116
64,10.18980072,0,10.18980072
65,10.29562945,0,10.29562945
66,12.42001204,0,12.42001204
67,11.22230048,0,11.22230048
68,15.19714412,0,15.19714412
69,14.52015426,0,14.52015426
70,11.7711251,0,11.7711251
71,16.1834028,0,16.1834028
72,17.24215929,0,17.24215929
73,17.45857526,0,17.45857526
74,13.47424849,0,13.47424849
75,14.42443511,0,14.42443511
76,8.766006872,0,8.766006872
77,14.33512749,0,14.33512749
78,13.93367009,0,13.93367009
79,8.079695401,0,8.079695401
80,12.41552526,0,12.41552526
81,11.4560165,0,11.4560165
82,4.44952383,0,4.44952383
83,12.51007584,0,12.51007584
84,9.870514343,0,9.870514343
85,12.90940582,0,12.90940582
86,15.78988916,0,15.78988916
87,6.689788902,0,6.689788902
88,14.23356413,0,14.23356413
89,13.44259818,0,13.44259818
90,10.70098596,0,10.70098596
91,13.00918575,0,13.00918575
92,18.46609204,0,18.46609204
93,14.78149018,0,14.78149018
94,11.53865012,0,11.53865012
95,10.04696168,0,10.04696168
96,11.31672442,0,11.31672442
97,7.54542734,0,7.54542734
98,9.632398887,0,9.632398887
99,7.41771815,0,7.41771815
100,12.8675462,0,12.8675462
101,7.617183639,0,7.617183639
102,14.73673067,0,14.73673067
103,7.691370114,0,7.691370114
104,12.26580977,0,12.26580977
105,14.09732713,0,14.09732713
106,12.76711424,0,12.76711424
107,11.33246025,0,11.33246025
108,9.378619222,0,9.378619222
109,14.07829755,0,14.07829755
110,12.07807193,0,12.07807193
111,9.156082736,0,9.156082736
112,19.18813854,0,19.18813854
113,8.984164993,0,8.984164993
114,8.667786548,0,8.667786548
115,15.16166617,0,15.16166617
116,13.86091597,0,13.86091597
117,13.99097848,0,13.99097848
118,11.29537782,0,11.29537782
119,12.28243334,0,12.28243334
120,8.189813606,0,8.189813606
121,17.24647421,0,17.24647421
122,8.399301002,0,8.399301002
123,12.71217349,0,12.71217349
124,10.93311309,0,10.93311309
125,6.124640545,0,6.124640545
126,12.75033187,0,12.75033187
127,10.62876285,0,10.62876285
128,7.077181263,0,7.077181263
129,14.92259473,0,14.92259473
130,13.30861209,0,13.30861209
131,8.641046221,0,8.641046221
132,9.904250669,0,9.904250669
133,9.88228617,0,9.88228617
134,15.30875419,0,15.30875419
135,8.807614863,0,8.807614863
136,6.880971717,0,6.880971717
137,12.93660978,0,12.93660978
138,8.794321646,0,8.794321646
139,12.21896662,0,12.21896662
140,10.09066293,0,10.09066293
141,11.26780892,0,11.26780892
142,11.58703491,0,11.58703491
143,10.29125011,0,10.29125011
144,13.23649898,0,13.23649898
145,14.02901836,0,14.02901836
146,17.01863651,0,17.01863651
147,9.085541443,0,9.085541443
148,11.75621424,0,11.75621424
149,10.57914395,0,10.57914395
150,13.1056907,0,13.1056907
151,15.08690614,0,15.08690614
152,16.91326699,0,16.91326699
153,14.24296968,0,14.24296968
154,11.99412477,0,11.99412477
155,12.9062768,0,12.9062768
156,10.56846646,0,10.56846646
157,6.249294821,0,6.249294821
158,13.81277285,0,13.81277285
159,5.199193847,0,5.199193847
160,10.3719688,0,10.3719688
161,6.720132513,0,6.720132513
162,11.49113714,0,11.49113714
163,13.59776753,0,13.59776753
164,12.93458673,0,12.93458673
165,13.38642968,0,13.38642968
166,18.71101297,0,18.71101297
167,9.863959471,0,9.863959471
168,10.59558254,0,10.59558254
169,10.82264559,0,10.82264559
170,9.432128349,0,9.432128349
171,7.596602099,0,7.596602099
172,11.31666257,0,11.31666257
173,12.54669654,0,12.54669654
174,7.243991431,0,7.243991431
175,9.598452192,0,9.598452192
176,12.31132253,0,12.31132253
177,12.26163645,0,12.26163645
178,13.95383733,0,13.95383733
179,6.934485677,0,6.934485677
180,13.58265336,0,13.58265336
181,15.01520271,0,15.01520271
182,16.84661941,0,16.84661941
183,6.846963259,0,6.846963259
184,6.358072914,0,6.358072914
185,15.18319937,0,15.18319937
186,9.417438494,0,9.417438494
187,15.30903741,0,15.30903741
188,11.53025649,0,11.53025649
189,14.42446089,0,14.42446089
190,11.9304576,0,11.9304576
191,10.29919204,0,10.29919204
192,15.38527037,0,15.38527037
193,13.63077674,0,13.63077674
194,13.91382258,0,13.91382258
195,10.481538,0,10.481538
196,11.56610891,0,11.56610891
197,10.46944499,0,10.46944499
198,13.44849339,0,13.44849339
199,18.58575318,0,18.58575318
200,14.49929748,0,14.49929748
201,13.21748723,0,13.21748723
202,13.71323711,0,13.71323711
203,10.30946537,0,10.30946537
204,13.65907024,0,13.65907024
205,11.02354993,0,11.02354993
206,7.0928711,0,7.0928711
207,13.91278166,0,13.91278166
208,13.29627453,0,13.29627453
209,15.2284541,0,15.2284541
210,13.48280931,0,13.48280931
211,12.01844161,0,12.01844161
212,8.705937725,0,8.705937725
213,12.55459884,0,12.55459884
214,17.39880006,0,17.39880006
215,13.23484989,0,13.23484989
216,12.22171485,0,12.22171485
217,18.41073203,0,18.41073203
218,11.04523787,0,11.04523787
219,11.46718004,0,11.46718004
220,12.35904561,0,12.35904561
221,14.07348776,0,14.07348776
222,12.45213204,0,12.45213204
223,16.82394709,0,16.82394709
224,10.1823031,0,10.1823031
225,13.47003315,0,13.47003315
226,7.001726893,0,7.001726893
227,10.64018618,0,10.64018618
228,9.624923458,0,9.624923458
229,9.453056547,0,9.453056547
230,16.0005971,0,16.0005971
231,11.94990449,0,11.94990449
232,9.106233929,0,9.106233929
233,12.01753899,0,12.01753899
234,7.948059665,0,7.948059665
235,12.34218554,0,12.34218554
236,13.77623741,0,13.77623741
237,10.48563229,0,10.48563229
238,10.09183611,0,10.09183611
239,10.51912465,0,10.51912465
240,8.114149078,0,8.114149078
241,19.91538408,0,19.91538408
242,11.15546495,0,11.15546495
243,11.49208144,0,11.49208144
244,14.43969412,0,14.43969412
245,13.281556,0,13.281556
246,11.54662534,0,11.54662534
247,12.53411255,0,12.53411255
248,13.64642189,0,13.64642189
249,12.12624086,0,12.12624086
250,11.68029172,0,11.68029172
251,15.92317283,0,15.92317283
252,13.25420222,0,13.25420222
253,11.54328831,0,11.54328831
254,13.99371252,0,13.99371252
255,12.88930447,0,12.88930447
256,16.08236109,0,16.08236109
257,9.505130081,0,9.505130081
258,12.94970788,0,12.94970788
259,12.25762366,0,12.25762366
260,14.36618965,0,14.36618965
261,16.60041662,0,16.60041662
262,12.94932015,0,12.94932015
263,23.26089702,0,23.26089702
264,9.572289178,0,9.572289178
265,13.24212603,0,13.24212603
266,9.824697516,0,9.824697516
267,9.781071325,0,9.781071325
268,10.7343669,0,10.7343669
269,7.123339903,0,7.123339903
270,12.36380771,0,12.36380771
271,12.71332993,0,12.71332993
272,12.75570463,0,12.75570463
273,10.04332125,0,10.04332125
274,11.01640102,0,11.01640102
275,10.75904091,0,10.75904091
276,8.449260923,0,8.449260923
277,16.24756855,0,16.24756855
278,10.17191232,0,10.17191232
279,11.49901821,0,11.49901821
280,14.24032208,0,14.24032208
281,10.63398337,0,10.63398337
282,10.59201241,0,10.59201241
283,7.827521947,0,7.827521947
284,10.64193933,0,10.64193933
285,6.972744327,0,6.972744327
286,9.690364088,0,9.690364088
287,17.99446401,0,17.99446401
288,15.94337965,0,15.94337965
289,9.660755023,0,9.660755023
290,14.11089373,0,14.11089373
291,17.06687847,0,17.06687847
292,12.11729339,0,12.11729339
293,13.18415186,0,13.18415186
294,15.13096438,0,15.13096438
295,10.87647726,0,10.87647726
296,10.64187131,0,10.64187131
297,15.59967013,0,15.59967013
298,6.44351506,0,6.44351506
299,11.73682504,0,11.73682504
300,14.65467724,0,14.65467724
301,9.77797418,0,9.77797418
302,12.73150179,0,12.73150179
303,7.867235868,0,7.867235868
304,13.45439091,0,13.45439091
305,14.91327962,0,14.91327962
306,13.44179091,0,13.44179091
307,16.87382456,0,16.87382456
308,11.06151139,0,11.06151139
309,5.910078011,0,5.910078011
310,11.07393082,0,11.07393082
311,10.88459668,0,10.88459668
312,18.52277418,0,18.52277418
313,9.808867343,0,9.808867343
314,12.34204606,0,12.34204606
315,18.14944204,0,18.14944204
316,12.37183359,0,12.37183359
317,11.60705735,0,11.60705735
318,4.667165018,0,4.667165018
319,10.6813661,0,10.6813661
320,10.5108694,0,10.5108694
321,9.987200227,0,9.987200227
322,11.64434334,0,11.64434334
323,9.483796883,0,9.483796883
324,14.26588916,0,14.26588916
325,10.14073457,0,10.14073457
326,15.96017223,0,15.96017223
327,10.1655891,0,10.1655891
328,8.874641405,0,8.874641405
329,14.33804381,0,14.33804381
330,13.45130172,0,13.45130172
331,13.131552,0,13.131552
332,15.15768083,0,15.15768083
333,7.269793524,0,7.269793524
334,10.57765224,0,10.57765224
335,18.44336202,0,18.44336202
336,8.385990948,0,8.385990948
337,12.63081701,0,12.63081701
338,19.53579625,0,19.53579625
339,12.67002694,0,12.67002694
340,10.906167,0,10.906167
341,8.105868781,0,8.105868781
342,15.1564889,0,15.1564889
343,15.49586522,0,15.49586522
344,11.90812642,0,11.90812642
345,16.99289821,0,16.99289821
346,10.45824998,0,10.45824998
347,11.9540212,0,11.9540212
348,6.422739696,0,6.422739696
349,6.710675591,0,6.710675591
350,15.87000435,0,15.87000435
351,9.65965495,0,9.65965495
352,13.51191133,0,13.51191133
353,13.07856805,0,13.07856805
354,12.65245143,0,12.65245143
355,12.59072746,0,12.59072746
356,11.36257904,0,11.36257904
357,12.68816418,0,12.68816418
358,11.08185392,0,11.08185392
359,12.79879916,0,12.79879916
360,13.11718309,0,13.11718309
361,9.708920423,0,9.708920423
362,13.33505414,0,13.33505414
363,12.09972375,0,12.09972375
364,16.37773387,0,16.37773387
365,9.885314695,0,9.885314695
366,11.62265669,0,11.62265669
367,16.5817813,0,16.5817813
368,13.96671114,0,13.96671114
369,10.93034531,0,10.93034531
370,13.98227676,0,13.98227676
371,9.532821264,0,9.532821264
372,13.9591551,0,13.9591551
373,9.015304479,0,9.015304479
374,9.104824143,0,9.104824143
375,7.863227413,0,7.863227413
376,15.02913992,0,15.02913992
377,16.47633592,0,16.47633592
378,2.746692345,0,2.746692345
379,10.91143881,0,10.91143881
380,9.359574961,0,9.359574961
381,13.22144118,0,13.22144118
382,9.964488475,0,9.964488475
383,11.4020209,0,11.4020209
384,7.407995924,0,7.407995924
385,15.23931311,0,15.23931311
386,12.72417303,0,12.72417303
387,10.9873332,0,10.9873332
388,14.04823272,0,14.04823272
389,8.096691762,0,8.096691762
390,7.8026963,0,7.8026963
391,9.297488766,0,9.297488766
392,7.374367391,0,7.374367391
393,12.56889165,0,12.56889165
394,12.57628204,0,12.57628204
395,12.43694207,0,12.43694207
396,14.53718624,0,14.53718624
397,12.87178967,0,12.87178967
398,12.86427093,0,12.86427093
399,9.770254172,0,9.770254172
400,16.0919329,0,16.0919329
401,12.80810538,0,12.80810538
402,5.482005828,0,5.482005828
403,11.79480124,0,11.79480124
404,11.25121849,0,11.25121849
405,13.21352626,0,13.21352626
406,13.76516269,0,13.76516269
407,9.766671405,0,9.766671405
408,5.947154802,0,5.947154802
409,11.79021243,0,11.79021243
410,13.68886538,0,13.68886538
411,13.61086011,0,13.61086011
412,13.88353575,0,13.88353575
413,12.70153536,0,12.70153536
414,1.281558555,0,1.281558555
415,13.42769685,0,13.42769685
416,8.795751337,0,8.795751337
417,15.04779495,0,15.04779495
418,10.02252802,0,10.02252802
419,12.2955539,0,12.2955539
420,4.322493939,0,4.322493939
421,11.77488115,0,11.77488115
422,13.75579337,0,13.75579337
423,9.330992959,0,9.330992959
424,16.96696865,0,16.96696865
425,7.835008941,0,7.835008941
426,12.06085625,0,12.06085625
427,13.80578383,0,13.80578383
428,14.80885365,0,14.80885365
429,8.777065798,0,8.777065798
430,15.1027637,0,15.1027637
431,8.064762946,0,8.064762946
432,11.36838833,0,11.36838833
433,16.64596518,0,16.64596518
434,11.76127343,0,11.76127343
435,14.47492621,0,14.47492621
436,11.69396699,0,11.69396699
437,16.28978832,0,16.28978832
438,10.79236936,0,10.79236936
439,10.73732394,0,10.73732394
440,9.293570191,0,9.293570191
441,11.99826167,0,11.99826167
442,5.038210792,0,5.038210792
443,14.1141646,0,14.1141646
444,9.927856575,0,9.927856575
445,11.94681385,0,11.94681385
446,11.66210344,0,11.66210344
447,9.791340151,0,9.791340151
448,12.71995102,0,12.71995102
449,8.872385808,0,8.872385808
450,12.85589274,0,12.85589274
451,9.742947556,0,9.742947556
452,11.01226207,0,11.01226207
453,7.179463668,0,7.179463668
454,7.766140155,0,7.766140155
455,15.8194433,0,15.8194433
456,14.57010756,0,14.57010756
457,12.83420088,0,12.83420088
458,11.91210305,0,11.91210305
459,7.763801857,0,7.763801857
460,14.44970367,0,14.44970367
461,12.46251998,0,12.46251998
462,12.51664622,0,12.51664622
463,15.14989592,0,15.14989592
464,10.98008351,0,10.98008351
465,10.25077846,0,10.25077846
466,14.82740581,0,14.82740581
467,6.054728849,0,6.054728849
468,11.38379023,0,11.38379023
469,10.48692761,0,10.48692761
470,8.727709881,0,8.727709881
471,14.84032433,0,14.84032433
472,17.11887432,0,17.11887432
473,12.63323924,0,12.63323924
474,9.107018488,0,9.107018488
475,14.0193865,0,14.0193865
476,8.692548516,0,8.692548516
477,11.98902798,0,11.98902798
478,12.51446224,0,12.51446224
479,12.6863423,0,12.6863423
480,13.99657785,0,13.99657785
481,13.08018126,0,13.08018126
482,13.82026953,0,13.82026953
483,9.651332919,0,9.651332919
484,11.36255438,0,11.36255438
485,12.02705519,0,12.02705519
486,9.291820532,0,9.291820532
487,11.50982893,0,11.50982893
488,8.445806088,0,8.445806088
489,8.361123397,0,8.361123397
490,14.50458923,0,14.50458923
491,14.27479634,0,14.27479634
492,15.05899149,0,15.05899149
493,15.16583981,0,15.16583981
494,10.50020372,0,10.50020372
495,16.26540813,0,16.26540813
496,6.204960824,0,6.204960824
497,9.622281569,0,9.622281569
498,10.09209284,0,10.09209284
499,13.77012652,0,13.77012652
500,11.69586549,0,11.69586549
501,9.702555893,0,9.702555893
502,7.15834342,0,7.15834342
503,11.58799626,0,11.58799626
504,8.793999313,0,8.793999313
505,11.49121626,0,11.49121626
506,16.04168103,0,16.04168103
507,11.52621456,0,11.52621456
508,13.20810972,0,13.20810972
509,13.84288954,0,13.84288954
510,15.52199101,0,15.52199101
511,11.01772654,0,11.01772654
512,17.80013502,0,17.80013502
513,9.894938872,0,9.894938872
514,6.201508191,0,6.201508191
515,12.87111384,0,12.87111384
516,11.21284969,0,11.21284969
517,18.97421391,0,18.97421391
518,11.33622948,0,11.33622948
519,15.00349937,0,15.00349937
520,10.18691478,0,10.18691478
521,14.03175808,0,14.03175808
522,13.25954437,0,13.25954437
523,9.991200907,0,9.991200907
524,10.51695569,0,10.51695569
525,14.09753329,0,14.09753329
526,19.2762863,0,19.2762863
527,10.12817641,0,10.12817641
528,8.629405221,0,8.629405221
529,14.14104412,0,14.14104412
530,9.716711514,0,9.716711514
531,11.22756563,0,11.22756563
532,11.45437421,0,11.45437421
533,11.17314826,0,11.17314826
534,14.65906066,0,14.65906066
535,10.15676024,0,10.15676024
536,15.08014597,0,15.08014597
537,9.170754769,0,9.170754769
538,10.92965325,0,10.92965325
539,11.76962437,0,11.76962437
540,11.27231656,0,11.27231656
541,14.6648713,0,14.6648713
542,17.16591083,0,17.16591083
543,14.00080517,0,14.00080517
544,10.46579607,0,10.46579607
545,10.06166297,0,10.06166297
546,12.36380061,0,12.36380061
547,7.968397348,0,7.968397348
548,8.319899449,0,8.319899449
549,9.324341469,0,9.324341469
550,10.76970706,0,10.76970706
551,12.89309756,0,12.89309756
552,8.253521129,0,8.253521129
553,10.76792248,0,10.76792248
554,12.6602308,0,12.6602308
555,10.44623771,0,10.44623771
556,12.57422934,0,12.57422934
557,12.71006213,0,12.71006213
558,12.15229537,0,12.15229537
559,9.103957176,0,9.103957176
560,9.376025074,0,9.376025074
561,16.04281028,0,16.04281028
562,12.47042066,0,12.47042066
563,11.28381581,0,11.28381581
564,11.65577749,0,11.65577749
565,15.94280053,0,15.94280053
566,8.525540503,0,8.525540503
567,8.631751832,0,8.631751832
568,10.01740254,0,10.01740254
569,9.742636286,0,9.742636286
570,14.59287282,0,14.59287282
571,7.877868581,0,7.877868581
572,8.631389411,0,8.631389411
573,14.01314983,0,14.01314983
574,15.08828511,0,15.08828511
575,6.185437494,0,6.185437494
576,9.800663221,0,9.800663221
577,10.60157758,0,10.60157758
578,11.55670689,0,11.55670689
579,10.73060277,0,10.73060277
580,14.91285264,0,14.91285264
581,18.02297189,0,18.02297189
582,12.98731695,0,12.98731695
583,5.069348496,0,5.069348496
584,11.60492959,0,11.60492959
585,9.918832217,0,9.918832217
586,12.91793646,0,12.91793646
587,12.60654379,0,12.60654379
588,15.08741924,0,15.08741924
589,15.09501434,0,15.09501434
590,13.22446422,0,13.22446422
591,11.08015159,0,11.08015159
592,12.89118439,0,12.89118439
593,6.183092827,0,6.183092827
594,12.36441434,0,12.36441434
595,15.55432367,0,15.55432367
596,13.66663715,0,13.66663715
597,15.5737722,0,15.5737722
598,9.228169787,0,9.228169787
599,10.19750873,0,10.19750873
600,9.522193271,0,9.522193271
601,10.52330965,0,10.52330965
602,14.64749234,0,14.64749234
603,12.60018004,0,12.60018004
604,15.45271965,0,15.45271965
605,11.54893962,0,11.54893962
606,10.24564131,0,10.24564131
607,11.44085458,0,11.44085458
608,16.51980125,0,16.51980125
609,9.23591621,0,9.23591621
610,17.7376936,0,17.7376936
611,9.26722766,0,9.26722766
612,10.84300986,0,10.84300986
613,13.06446887,0,13.06446887
614,13.36882487,0,13.36882487
615,9.429725251,0,9.429725251
616,12.63903955,0,12.63903955
617,9.940378881,0,9.940378881
618,4.776290782,0,4.776290782
619,12.05005394,0,12.05005394
620,14.42420668,0,14.42420668
621,18.64659674,0,18.64659674
622,12.22506211,0,12.22506211
623,11.28730139,0,11.28730139
624,12.21924368,0,12.21924368
625,10.12590233,0,10.12590233
626,14.26912436,0,14.26912436
627,8.186550001,0,8.186550001
628,12.15625914,0,12.15625914
629,12.93850772,0,12.93850772
630,12.62115951,0,12.62115951
631,9.145945741,0,9.145945741
632,8.480678357,0,8.480678357
633,6.488055275,0,6.488055275
634,9.43189274,0,9.43189274
635,11.67155063,0,11.67155063
636,15.83963072,0,15.83963072
637,16.0576117,0,16.0576117
638,7.271686355,0,7.271686355
639,10.48127975,0,10.48127975
640,13.30550115,0,13.30550115
641,13.81828514,0,13.81828514
642,12.89329064,0,12.89329064
643,10.59274046,0,10.59274046
644,11.31539768,0,11.31539768
645,13.26789696,0,13.26789696
646,10.65211678,0,10.65211678
647,13.07242138,0,13.07242138
648,11.07075582,0,11.07075582
649,5.125177504,0,5.125177504
650,12.29229393,0,12.29229393
651,10.73722424,0,10.73722424
652,11.94567821,0,11.94567821
653,13.3054299,0,13.3054299
654,18.02015188,0,18.02015188
655,16.12911342,0,16.12911342
656,9.583156171,0,9.583156171
657,12.48074754,0,12.48074754
658,10.82058051,0,10.82058051
659,15.72924905,0,15.72924905
660,13.63159899,0,13.63159899
661,18.84842882,0,18.84842882
662,10.97429153,0,10.97429153
663,17.26499364,0,17.26499364
664,10.74150564,0,10.74150564
665,10.41649843,0,10.41649843
666,11.16587317,0,11.16587317
667,9.313675893,0,9.313675893
668,10.64677034,0,10.64677034
669,10.08421185,0,10.08421185
670,8.594856464,0,8.594856464
671,18.56021963,0,18.56021963
672,11.700093,0,11.700093
673,14.33809841,0,14.33809841
674,11.52341086,0,11.52341086
675,5.662597955,0,5.662597955
676,8.930570665,0,8.930570665
677,12.46058281,0,12.46058281
678,13.08763859,0,13.08763859
679,9.426626696,0,9.426626696
680,8.852204167,0,8.852204167
681,13.09696505,0,13.09696505
682,8.591663884,0,8.591663884
683,17.89339665,0,17.89339665
684,8.271149521,0,8.271149521
685,13.5576398,0,13.5576398
686,10.26494492,0,10.26494492
687,8.820405221,0,8.820405221
688,12.71670594,0,12.71670594
689,15.89608011,0,15.89608011
690,10.16209023,0,10.16209023
691,9.21149012,0,9.21149012
692,6.661539406,0,6.661539406
693,10.34331361,0,10.34331361
694,15.51197581,0,15.51197581
695,13.39940535,0,13.39940535
696,16.45577106,0,16.45577106
697,11.19028926,0,11.19028926
698,6.869813474,0,6.869813474
699,11.41489899,0,11.41489899
700,14.33774278,0,14.33774278
701,12.32100856,0,12.32100856
702,9.793512247,0,9.793512247
703,11.15531764,0,11.15531764
704,16.93293227,0,16.93293227
705,11.13297933,0,11.13297933
706,14.7973944,0,14.7973944
707,11.79649674,0,11.79649674
708,9.459917012,0,9.459917012
709,7.019702642,0,7.019702642
710,11.88581153,0,11.88581153
711,12.18132339,0,12.18132339
712,5.131031456,0,5.131031456
713,9.329752559,0,9.329752559
714,9.095712503,0,9.095712503
715,9.903167568,0,9.903167568
716,8.228211217,0,8.228211217
717,16.7350975,0,16.7350975
718,10.84128827,0,10.84128827
719,15.35656602,0,15.35656602
720,12.48434072,0,12.48434072
721,11.59448887,0,11.59448887
722,5.886773498,0,5.886773498
723,12.79646229,0,12.79646229
724,13.03875483,0,13.03875483
725,11.16806103,0,11.16806103
726,10.01365274,0,10.01365274
727,9.474331183,0,9.474331183
728,11.87942629,0,11.87942629
729,11.2315612,0,11.2315612
730,12.46885509,0,12.46885509
731,14.61366428,0,14.61366428
732,6.539204167,0,6.539204167
733,14.87001025,0,14.87001025
734,9.280551407,0,9.280551407
735,16.02264816,0,16.02264816
736,19.16211368,0,19.16211368
737,17.12397858,0,17.12397858
738,9.403131554,0,9.403131554
739,17.16237193,0,17.16237193
740,11.73694772,0,11.73694772
741,10.84683062,0,10.84683062
742,12.19245621,0,12.19245621
743,10.9375866,0,10.9375866
744,10.89931907,0,10.89931907
745,14.8359901,0,14.8359901
746,15.35549856,0,15.35549856
747,8.350500499,0,8.350500499
748,12.33932864,0,12.33932864
749,12.89975651,0,12.89975651
750,10.22003184,0,10.22003184
751,12.44892374,0,12.44892374
752,14.19667587,0,14.19667587
753,9.693365349,0,9.693365349
754,8.456507106,0,8.456507106
755,13.96540285,0,13.96540285
756,12.16159843,0,12.16159843
757,13.35208745,0,13.35208745
758,11.98019107,0,11.98019107
759,8.433443276,0,8.433443276
760,14.96707588,0,14.96707588
761,15.32014035,0,15.32014035
762,12.57136854,0,12.57136854
763,6.927417811,0,6.927417811
764,6.081817157,0,6.081817157
765,14.78216445,0,14.78216445
766,13.63419694,0,13.63419694
767,13.19566775,0,13.19566775
768,10.51450833,0,10.51450833
769,10.32276452,0,10.32276452
770,11.51291946,0,11.51291946
771,15.65555568,0,15.65555568
772,12.85385308,0,12.85385308
773,13.01763628,0,13.01763628
774,11.63232086,0,11.63232086
775,12.04048891,0,12.04048891
776,10.34484736,0,10.34484736
777,15.61228349,0,15.61228349
778,13.67296983,0,13.67296983
779,10.14407181,0,10.14407181
780,14.38016573,0,14.38016573
781,12.33613583,0,12.33613583
782,18.54109293,0,18.54109293
783,10.80815778,0,10.80815778
784,13.88735896,0,13.88735896
785,11.91289919,0,11.91289919
786,13.17530948,0,13.17530948
787,10.16109723,0,10.16109723
788,15.11086839,0,15.11086839
789,11.44793956,0,11.44793956
790,10.78322885,0,10.78322885
791,11.71090845,0,11.71090845
792,9.110112786,0,9.110112786
793,16.51193906,0,16.51193906
794,13.61241267,0,13.61241267
795,10.93019185,0,10.93019185
796,14.19768803,0,14.19768803
797,10.10197229,0,10.10197229
798,14.46589248,0,14.46589248
799,11.50235618,0,11.50235618
800,8.261442985,0,8.261442985
801,8.07143244,0,8.07143244
802,15.35623936,0,15.35623936
803,11.96784849,0,11.96784849
804,17.03615304,0,17.03615304
805,12.88199458,0,12.88199458
806,12.14424986,0,12.14424986
807,6.244681603,0,6.244681603
808,16.05510689,0,16.05510689
809,13.98861885,0,13.98861885
810,14.55801117,0,14.55801117
811,13.52188927,0,13.52188927
812,11.00022406,0,11.00022406
813,11.44976974,0,11.44976974
814,11.46048258,0,11.46048258
815,15.49867862,0,15.49867862
816,13.03603037,0,13.03603037
817,12.01481162,0,12.01481162
818,11.28245027,0,11.28245027
819,13.64432828,0,13.64432828
820,14.91466663,0,14.91466663
821,10.75080182,0,10.75080182
822,13.27941451,0,13.27941451
823,16.89209454,0,16.89209454
824,11.3245754,0,11.3245754
825,10.49132982,0,10.49132982
826,6.123899828,0,6.123899828
827,11.87838402,0,11.87838402
828,18.29820857,0,18.29820857
829,11.15472156,0,11.15472156
830,9.720907237,0,9.720907237
831,15.35504294,0,15.35504294
832,12.94915512,0,12.94915512
833,13.96465276,0,13.96465276
834,14.44999329,0,14.44999329
835,13.18975163,0,13.18975163
836,7.587167485,0,7.587167485
837,12.31773375,0,12.31773375
838,13.14114611,0,13.14114611
839,14.91187248,0,14.91187248
840,7.818918048,0,7.818918048
841,7.268575675,0,7.268575675
842,14.43318553,0,14.43318553
843,12.78123044,0,12.78123044
844,14.10198829,0,14.10198829
845,10.77364699,0,10.77364699
846,10.14132236,0,10.14132236
847,16.58669449,0,16.58669449
848,10.49794548,0,10.49794548
849,11.7891311,0,11.7891311
850,16.10889187,0,16.10889187
851,7.551768315,0,7.551768315
852,16.00326893,0,16.00326893
853,16.01262535,0,16.01262535
854,17.51983161,0,17.51983161
855,11.87760208,0,11.87760208
856,10.05714286,0,10.05714286
857,14.81014487,0,14.81014487
858,15.38685364,0,15.38685364
859,9.898005522,0,9.898005522
860,13.20020255,0,13.20020255
861,13.68193619,0,13.68193619
862,10.51069334,0,10.51069334
863,9.935494222,0,9.935494222
864,15.70482521,0,15.70482521
865,11.24223044,0,11.24223044
866,14.2470882,0,14.2470882
867,5.759367227,0,5.759367227
868,9.556121599,0,9.556121599
869,14.93211038,0,14.93211038
870,12.39735997,0,12.39735997
871,13.50375324,0,13.50375324
872,9.911758966,0,9.911758966
873,15.97863003,0,15.97863003
874,12.41514613,0,12.41514613
875,10.19001506,0,10.19001506
876,8.835527893,0,8.835527893
877,16.60736978,0,16.60736978
878,16.44615752,0,16.44615752
879,14.36729461,0,14.36729461
880,3.270221436,0,3.270221436
881,13.3692777,0,13.3692777
882,9.729875706,0,9.729875706
883,16.6865159,0,16.6865159
884,9.985141898,0,9.985141898
885,13.64045267,0,13.64045267
886,10.85777836,0,10.85777836
887,11.93878519,0,11.93878519
888,10.51660848,0,10.51660848
889,10.11434159,0,10.11434159
890,13.40349451,0,13.40349451
891,17.5269479,0,17.5269479
892,9.541597623,0,9.541597623
893,12.05734235,0,12.05734235
894,13.44575787,0,13.44575787
895,14.70484525,0,14.70484525
896,10.54066857,0,10.54066857
897,9.998679741,0,9.998679741
898,14.16103023,0,14.16103023
899,14.41322186,0,14.41322186
900,14.29889949,0,14.29889949
901,9.843806858,0,9.843806858
902,13.2427909,0,13.2427909
903,9.008934954,0,9.008934954
904,14.52776173,0,14.52776173
905,10.1728039,0,10.1728039
906,11.34445848,0,11.34445848
907,10.20585377,0,10.20585377
908,9.771957436,0,9.771957436
909,14.5399982,0,14.5399982
910,15.30293796,0,15.30293796
911,19.72361923,0,19.72361923
912,12.78278979,0,12.78278979
913,10.94936889,0,10.94936889
914,5.919536043,0,5.919536043
915,12.99799665,0,12.99799665
916,9.77007091,0,9.77007091
917,9.408996585,0,9.408996585
918,19.58362559,0,19.58362559
919,11.55472047,0,11.55472047
920,8.18338108,0,8.18338108
921,7.932081753,0,7.932081753
922,10.16154068,0,10.16154068
923,12.71041872,0,12.71041872
924,11.36868763,0,11.36868763
925,8.731373391,0,8.731373391
926,14.89419314,0,14.89419314
927,16.87869254,0,16.87869254
928,13.43066039,0,13.43066039
929,14.1928004,0,14.1928004
930,14.47452847,0,14.47452847
931,8.731667539,0,8.731667539
932,10.29983308,0,10.29983308
933,12.60484305,0,12.60484305
934,8.607761697,0,8.607761697
935,11.9116106,0,11.9116106
936,10.17609536,0,10.17609536
937,11.29459114,0,11.29459114
938,13.86633469,0,13.86633469
939,13.6503319,0,13.6503319
940,11.81537903,0,11.81537903
941,12.1475271,0,12.1475271
942,12.54599346,0,12.54599346
943,10.98564458,0,10.98564458
944,12.62837138,0,12.62837138
945,10.15768156,0,10.15768156
946,11.90079176,0,11.90079176
947,11.21279565,0,11.21279565
948,10.77573117,0,10.77573117
949,14.40388182,0,14.40388182
950,7.90024176,0,7.90024176
951,8.057701133,0,8.057701133
952,8.525688275,0,8.525688275
953,14.14837314,0,14.14837314
954,13.1424232,0,13.1424232
955,13.63698975,0,13.63698975
956,10.34626655,0,10.34626655
957,7.508696952,0,7.508696952
958,11.84528054,0,11.84528054
959,12.47408364,0,12.47408364
960,11.464611,0,11.464611
961,12.4050489,0,12.4050489
962,12.88934171,0,12.88934171
963,10.03713679,0,10.03713679
964,15.60700788,0,15.60700788
965,8.084273384,0,8.084273384
966,11.54677639,0,11.54677639
967,11.01801885,0,11.01801885
968,7.289852891,0,7.289852891
969,9.360840452,0,9.360840452
970,8.16604397,0,8.16604397
971,12.87896271,0,12.87896271
972,12.27850993,0,12.27850993
973,13.56764572,0,13.56764572
974,15.50465232,0,15.50465232
975,13.64750994,0,13.64750994
976,13.24869579,0,13.24869579
977,17.46958026,0,17.46958026
978,11.43835756,0,11.43835756
979,18.56889893,0,18.56889893
980,9.814892607,0,9.814892607
981,10.09231552,0,10.09231552
982,7.300880868,0,7.300880868
983,16.0212074,0,16.0212074
984,7.525108489,0,7.525108489
985,17.75204462,0,17.75204462
986,18.050226,0,18.050226
987,15.69961865,0,15.69961865
988,11.41514246,0,11.41514246
989,8.704128343,0,8.704128343
990,14.09946371,0,14.09946371
991,11.73935659,0,11.73935659
992,18.59679063,0,18.59679063
993,12.38562556,0,12.38562556
994,11.64262384,0,11.64262384
995,11.81448926,0,11.81448926
996,16.52345938,0,16.52345938
997,11.10451044,0,11.10451044
998,11.31191147,0,11.31191147
999,12.62341183,0,12.62341183
1000,9.901927851,0,9.901927851
1001,11.71477763,0,11.71477763
1002,16.98728107,0,16.98728107
1003,15.04712295,0,15.04712295
1004,17.8078173,0,17.8078173
1005,8.625078723,0,8.625078723
1006,13.13777301,0,13.13777301
1007,17.39018324,0,17.39018324
1008,10.048847,0,10.048847
1009,7.853466333,0,7.853466333
1010,15.30296303,0,15.30296303
1011,13.25919542,0,13.25919542
1012,14.14448242,0,14.14448242
1013,7.235812882,0,7.235812882
1014,14.76356129,0,14.76356129
1015,16.38995785,0,16.38995785
1016,12.29552961,0,12.29552961
1017,17.55365071,0,17.55365071
1018,13.61899631,0,13.61899631
1019,10.57395038,0,10.57395038
1020,11.52243514,0,11.52243514
1021,11.73730908,0,11.73730908
1022,12.71681898,0,12.71681898
1023,9.471967769,0,9.471967769
1024,12.86081098,0,12.86081098
1025,9.878898996,0,9.878898996
1026,8.669047207,0,8.669047207
1027,11.997491,0,11.997491
1028,12.41341207,0,12.41341207
1029,5.824065105,0,5.824065105
1030,10.85940888,0,10.85940888
1031,15.25967027,0,15.25967027
1032,16.86804188,0,16.86804188
1033,12.21157087,0,12.21157087
1034,7.148009783,0,7.148009783
1035,9.733582415,0,9.733582415
1036,11.03769802,0,11.03769802
1037,12.340421,0,12.340421
1038,12.59816164,0,12.59816164
1039,15.64112998,0,15.64112998
1040,16.20925625,0,16.20925625
1041,11.06833915,0,11.06833915
1042,13.88430823,0,13.88430823
1043,15.81719696,0,15.81719696
1044,12.12785676,0,12.12785676
1045,14.02639348,0,14.02639348
1046,7.906505138,0,7.906505138
1047,8.31821443,0,8.31821443
1048,9.551655516,0,9.551655516
1049,10.97060747,0,10.97060747
1050,12.67917643,0,12.67917643
1051,9.792487016,0,9.792487016
1052,14.10531593,0,14.10531593
1053,16.93108542,0,16.93108542
1054,13.65306941,0,13.65306941
1055,14.81885841,0,14.81885841
1056,14.33283154,0,14.33283154
1057,15.34477147,0,15.34477147
1058,10.84565124,0,10.84565124
1059,14.9180928,0,14.9180928
1060,10.61749815,0,10.61749815
1061,13.59341598,0,13.59341598
1062,13.28857231,0,13.28857231
1063,9.709643422,0,9.709643422
1064,12.94274616,0,12.94274616
1065,10.69036353,0,10.69036353
1066,9.675470005,0,9.675470005
1067,9.267914692,0,9.267914692
1068,13.27268624,0,13.27268624
1069,9.257757273,0,9.257757273
1070,10.99358175,0,10.99358175
1071,16.51162634,0,16.51162634
1072,11.94669118,0,11.94669118
1073,13.19532873,0,13.19532873
1074,17.36817269,0,17.36817269
1075,14.4924643,0,14.4924643
1076,2.803709639,0,2.803709639
1077,10.19494207,0,10.19494207
1078,12.14164858,0,12.14164858
1079,9.003967149,0,9.003967149
1080,12.37138682,0,12.37138682
1081,10.17657157,0,10.17657157
1082,10.98189365,0,10.98189365
1083,17.17762887,0,17.17762887
1084,12.65503775,0,12.65503775
1085,15.95924403,0,15.95924403
1086,8.4416296,0,8.4416296
1087,8.211961573,0,8.211961573
1088,0.139994773,0,0.139994773
1089,7.062897491,0,7.062897491
1090,14.12083733,0,14.12083733
1091,8.722302071,0,8.722302071
1092,15.1169144,0,15.1169144
1093,11.66820685,0,11.66820685
1094,11.34787182,0,11.34787182
1095,12.21976001,0,12.21976001
1096,7.088106458,0,7.088106458
1097,12.16430887,0,12.16430887
1098,15.17570394,0,15.17570394
1099,16.53071825,0,16.53071825
1100,12.59020568,0,12.59020568
1101,10.74158247,0,10.74158247
1102,11.58898741,0,11.58898741
1103,14.61663413,0,14.61663413
1104,10.54053032,0,10.54053032
1105,10.30060194,0,10.30060194
1106,12.16841755,0,12.16841755
1107,12.18770742,0,12.18770742
1108,13.20683517,0,13.20683517
1109,7.847080891,0,7.847080891
1110,8.147194688,0,8.147194688
1111,11.32787476,0,11.32787476
1112,14.628282,0,14.628282
1113,14.6927742,0,14.6927742
1114,9.00112098,0,9.00112098
1115,10.0963904,0,10.0963904
1116,16.13153984,0,16.13153984
1117,6.815297802,0,6.815297802
1118,10.27627802,0,10.27627802
1119,11.97714057,0,11.97714057
1120,17.09208581,0,17.09208581
1121,13.52777596,0,13.52777596
1122,8.800556118,0,8.800556118
1123,8.331370789,0,8.331370789
1124,15.14066116,0,15.14066116
1125,8.641028944,0,8.641028944
1126,14.50260382,0,14.50260382
1127,15.49708064,0,15.49708064
1128,9.988809139,0,9.988809139
1129,12.86276958,0,12.86276958
1130,13.61006775,0,13.61006775
1131,17.70464159,0,17.70464159
1132,11.44811766,0,11.44811766
1133,12.11245249,0,12.11245249
1134,10.29114697,0,10.29114697
1135,12.67279982,0,12.67279982
1136,14.25089093,0,14.25089093
1137,12.2679276,0,12.2679276
1138,17.95056809,0,17.95056809
1139,10.16612615,0,10.16612615
1140,11.88624428,0,11.88624428
1141,17.78649967,0,17.78649967
1142,11.11936892,0,11.11936892
1143,9.55775341,0,9.55775341
1144,14.71631629,0,14.71631629
1145,11.08439395,0,11.08439395
1146,7.384979808,0,7.384979808
1147,13.2602746,0,13.2602746
1148,18.03915142,0,18.03915142
1149,14.90651931,0,14.90651931
1150,7.564031151,0,7.564031151
1151,14.22787287,0,14.22787287
1152,11.43198856,0,11.43198856
1153,14.61354999,0,14.61354999
1154,10.52100647,0,10.52100647
1155,16.72874473,0,16.72874473
1156,8.210145449,0,8.210145449
1157,15.25603732,0,15.25603732
1158,14.06953823,0,14.06953823
1159,11.67706132,0,11.67706132
1160,10.36842816,0,10.36842816
1161,7.422050271,0,7.422050271
1162,19.77785547,0,19.77785547
1163,11.74965212,0,11.74965212
1164,14.96418731,0,14.96418731
1165,16.03417255,0,16.03417255
1166,16.58633776,0,16.58633776
1167,13.1209072,0,13.1209072
1168,6.142490358,0,6.142490358
1169,10.51915702,0,10.51915702
1170,14.84241999,0,14.84241999
1171,17.74959725,0,17.74959725
1172,12.68864182,0,12.68864182
1173,13.00337707,0,13.00337707
1174,8.339105211,0,8.339105211
1175,10.38042282,0,10.38042282
1176,16.88868248,0,16.88868248
1177,9.755493132,0,9.755493132
1178,14.55664812,0,14.55664812
1179,10.13989555,0,10.13989555
1180,14.62464555,0,14.62464555
1181,11.19210281,0,11.19210281
1182,9.581544177,0,9.581544177
1183,14.87688563,0,14.87688563
1184,12.19845159,0,12.19845159
1185,8.642094306,0,8.642094306
1186,10.44180831,0,10.44180831
1187,12.6729131,0,12.6729131
1188,9.82814084,0,9.82814084
1189,12.81255041,0,12.81255041
1190,14.03605033,0,14.03605033
1191,15.23001616,0,15.23001616
1192,17.84950239,0,17.84950239
1193,10.90241012,0,10.90241012
1194,16.25376765,0,16.25376765
1195,7.902233684,0,7.902233684
1196,13.68892165,0,13.68892165
1197,16.53695246,0,16.53695246
1198,13.8110703,0,13.8110703
1199,13.73530106,0,13.73530106
1200,9.058729231,0,9.058729231
1201,12.493636,0,12.493636
1202,8.921805684,0,8.921805684
1203,15.31754804,0,15.31754804
1204,16.08058738,0,16.08058738
1205,17.746108,0,17.746108
1206,15.04162933,0,15.04162933
1207,9.173668575,0,9.173668575
1208,10.88596782,0,10.88596782
1209,11.3417237,0,11.3417237
1210,5.627913723,0,5.627913723
1211,14.06170032,0,14.06170032
1212,10.39715171,0,10.39715171
1213,14.31476223,0,14.31476223
1214,9.102974833,0,9.102974833
1215,8.189281119,0,8.189281119
1216,11.86629681,0,11.86629681
1217,12.63275397,0,12.63275397
1218,12.6959424,0,12.6959424
1219,15.53221326,0,15.53221326
1220,15.80803106,0,15.80803106
1221,14.02974184,0,14.02974184
1222,11.65811203,0,11.65811203
1223,12.50280621,0,12.50280621
1224,10.61059062,0,10.61059062
1225,11.39076812,0,11.39076812
1226,13.6675489,0,13.6675489
1227,6.458764433,0,6.458764433
1228,11.6536162,0,11.6536162
1229,6.489821676,0,6.489821676
1230,10.18638761,0,10.18638761
1231,10.50243735,0,10.50243735
1232,3.912975222,0,3.912975222
1233,10.25934129,0,10.25934129
1234,9.839522331,0,9.839522331
1235,14.38048074,0,14.38048074
1236,15.26997657,0,15.26997657
1237,13.69390126,0,13.69390126
1238,10.10014319,0,10.10014319
1239,11.18202233,0,11.18202233
1240,11.327571,0,11.327571
1241,8.180763688,0,8.180763688
1242,11.90865647,0,11.90865647
1243,7.793041111,0,7.793041111
1244,13.91882317,0,13.91882317
1245,16.60324486,0,16.60324486
1246,12.6971006,0,12.6971006
1247,18.19847032,0,18.19847032
1248,10.85029738,0,10.85029738
1249,8.343568453,0,8.343568453
1250,12.05495838,0,12.05495838
1251,11.85381037,0,11.85381037
1252,10.34598215,0,10.34598215
1253,10.42789693,0,10.42789693
1254,7.966804983,0,7.966804983
1255,16.06221212,0,16.06221212
1256,11.04509017,0,11.04509017
1257,10.19696545,0,10.19696545
1258,15.38716836,0,15.38716836
1259,8.394554541,0,8.394554541
1260,12.51790907,0,12.51790907
1261,8.818426573,0,8.818426573
1262,11.47190891,0,11.47190891
1263,10.01824902,0,10.01824902
1264,14.80355455,0,14.80355455
1265,11.45754774,0,11.45754774
1266,7.94305843,0,7.94305843
1267,12.29499024,0,12.29499024
1268,9.212339073,0,9.212339073
1269,11.51790709,0,11.51790709
1270,17.15790111,0,17.15790111
1271,12.42690681,0,12.42690681
1272,8.68696325,0,8.68696325
1273,8.957302051,0,8.957302051
1274,15.86875825,0,15.86875825
1275,4.785687095,0,4.785687095
1276,9.85925004,0,9.85925004
1277,17.59813042,0,17.59813042
1278,10.19096927,0,10.19096927
1279,10.20288174,0,10.20288174
1280,15.21892685,0,15.21892685
1281,8.614817162,0,8.614817162
1282,11.49544091,0,11.49544091
1283,15.14453778,0,15.14453778
1284,6.033055906,0,6.033055906
1285,14.30327169,0,14.30327169
1286,16.58272064,0,16.58272064
1287,13.84680904,0,13.84680904
1288,11.082751,0,11.082751
1289,14.09062775,0,14.09062775
1290,13.31302236,0,13.31302236
1291,5.577838765,0,5.577838765
1292,6.314282299,0,6.314282299
1293,10.45896413,0,10.45896413
1294,9.666641381,0,9.666641381
1295,9.536042917,0,9.536042917
1296,16.77157705,0,16.77157705
1297,8.521150999,0,8.521150999
1298,15.47890423,0,15.47890423
1299,12.6147351,0,12.6147351
1300,13.82349209,0,13.82349209
1301,9.796533151,0,9.796533151
1302,7.9768495,0,7.9768495
1303,12.61368435,0,12.61368435
1304,10.44186961,0,10.44186961
1305,10.96605122,0,10.96605122
1306,10.62393597,0,10.62393597
1307,14.59092055,0,14.59092055
1308,12.40629664,0,12.40629664
1309,10.2651836,0,10.2651836
1310,11.92983535,0,11.92983535
1311,17.01137879,0,17.01137879
1312,12.73174528,0,12.73174528
1313,8.083794197,0,8.083794197
1314,8.133884443,0,8.133884443
1315,10.79538288,0,10.79538288
1316,10.76006066,0,10.76006066
1317,14.24149917,0,14.24149917
1318,10.8417274,0,10.8417274
1319,13.41127378,0,13.41127378
1320,10.50289572,0,10.50289572
1321,13.30685602,0,13.30685602
1322,12.58821547,0,12.58821547
1323,12.54922596,0,12.54922596
1324,11.1896283,0,11.1896283
1325,13.99832904,0,13.99832904
1326,14.27961417,0,14.27961417
1327,17.82827173,0,17.82827173
1328,7.869354881,0,7.869354881
1329,9.36029262,0,9.36029262
1330,14.92554637,0,14.92554637
1331,12.41177374,0,12.41177374
1332,12.26453583,0,12.26453583
1333,11.35875785,0,11.35875785
1334,12.55563002,0,12.55563002
1335,9.374690742,0,9.374690742
1336,16.67240779,0,16.67240779
1337,8.0346802,0,8.0346802
1338,9.469195848,0,9.469195848
1339,10.33378384,0,10.33378384
1340,12.91202257,0,12.91202257
1341,10.61506588,0,10.61506588
1342,10.46611018,0,10.46611018
1343,8.584974157,0,8.584974157
1344,17.71898991,0,17.71898991
1345,6.705558254,0,6.705558254
1346,14.55854739,0,14.55854739
1347,10.17331253,0,10.17331253
1348,10.71497082,0,10.71497082
1349,9.580977396,0,9.580977396
1350,12.42171334,0,12.42171334
1351,19.08139382,0,19.08139382
1352,8.691633821,0,8.691633821
1353,9.416824883,0,9.416824883
1354,13.82491213,0,13.82491213
1355,11.62674974,0,11.62674974
1356,15.72266332,0,15.72266332
1357,15.89063724,0,15.89063724
1358,18.88309361,0,18.88309361
1359,18.08435504,0,18.08435504
1360,11.54826864,0,11.54826864
1361,13.5861914,0,13.5861914
1362,8.48319569,0,8.48319569
1363,9.461013184,0,9.461013184
1364,14.35701259,0,14.35701259
1365,7.8750282,0,7.8750282
1366,11.05374952,0,11.05374952
1367,7.266294541,0,7.266294541
1368,18.00571852,0,18.00571852
1369,6.538804917,0,6.538804917
1370,12.01717112,0,12.01717112
1371,14.97204126,0,14.97204126
1372,15.44191576,0,15.44191576
1373,9.139953538,0,9.139953538
1374,11.40919433,0,11.40919433
1375,10.78328717,0,10.78328717
1376,12.56741982,0,12.56741982
1377,11.19677823,0,11.19677823
1378,11.00557875,0,11.00557875
1379,16.26461891,0,16.26461891
1380,10.87533515,0,10.87533515
1381,13.1386041,0,13.1386041
1382,11.38461939,0,11.38461939
1383,12.29437076,0,12.29437076
1384,13.33919342,0,13.33919342
1385,8.390257117,0,8.390257117
1386,19.29969886,0,19.29969886
1387,8.354912249,0,8.354912249
1388,17.21891083,0,17.21891083
1389,12.90887413,0,12.90887413
1390,15.0195587,0,15.0195587
1391,13.80582361,0,13.80582361
1392,13.56253567,0,13.56253567
1393,11.63499486,0,11.63499486
1394,11.66710223,0,11.66710223
1395,15.70745165,0,15.70745165
1396,8.424238578,0,8.424238578
1397,11.79471627,0,11.79471627
1398,10.92356338,0,10.92356338
1399,13.85175323,0,13.85175323
1400,13.30038441,0,13.30038441
1401,12.7162094,0,12.7162094
1402,11.80320093,0,11.80320093
1403,8.947453901,0,8.947453901
1404,7.408030458,0,7.408030458
1405,8.570903055,0,8.570903055
1406,17.00357907,0,17.00357907
1407,13.89404157,0,13.89404157
1408,8.769053765,0,8.769053765
1409,14.91597326,0,14.91597326
1410,9.98751888,0,9.98751888
1411,11.63727357,0,11.63727357
1412,13.43338822,0,13.43338822
1413,13.99854293,0,13.99854293
1414,14.39846882,0,14.39846882
1415,9.782191907,0,9.782191907
1416,11.34529173,0,11.34529173
1417,11.84510505,0,11.84510505
1418,9.383590409,0,9.383590409
1419,10.45294245,0,10.45294245
1420,4.038507317,0,4.038507317
1421,13.16663978,0,13.16663978
1422,14.03597948,0,14.03597948
1423,13.97849074,0,13.97849074
1424,14.92625028,0,14.92625028
1425,12.74007572,0,12.74007572
1426,13.11220962,0,13.11220962
1427,9.501192176,0,9.501192176
1428,14.35591491,0,14.35591491
1429,8.505187992,0,8.505187992
1430,11.49732624,0,11.49732624
1431,14.28599696,0,14.28599696
1432,10.68274622,0,10.68274622
1433,7.799318741,0,7.799318741
1434,15.09540827,0,15.09540827
1435,15.99170518,0,15.99170518
1436,13.71261915,0,13.71261915
1437,11.90473878,0,11.90473878
1438,17.34781166,0,17.34781166
1439,13.56744815,0,13.56744815
1440,4.888186348,0,4.888186348
1441,7.800084854,0,7.800084854
1442,12.66896145,0,12.66896145
1443,7.717182865,0,7.717182865
1444,5.84118377,0,5.84118377
1445,14.21913047,0,14.21913047
1446,10.85791291,0,10.85791291
1447,8.36866647,0,8.36866647
1448,8.580084147,0,8.580084147
1449,7.777982626,0,7.777982626
1450,7.701045392,0,7.701045392
1451,13.08464766,0,13.08464766
1452,10.25081531,0,10.25081531
1453,13.14043333,0,13.14043333
1454,21.35098339,0,21.35098339
1455,16.01739503,0,16.01739503
1456,10.33686358,0,10.33686358
1457,13.7737263,0,13.7737263
1458,15.48906999,0,15.48906999
1459,13.47111689,0,13.47111689
1460,12.11390867,0,12.11390867
1461,13.32893858,0,13.32893858
1462,10.85057038,0,10.85057038
1463,11.46344991,0,11.46344991
1464,10.63617823,0,10.63617823
1465,11.60987532,0,11.60987532
1466,11.62268945,0,11.62268945
1467,13.80924168,0,13.80924168
1468,6.121298885,0,6.121298885
1469,12.85235018,0,12.85235018
1470,13.67834793,0,13.67834793
1471,11.94972297,0,11.94972297
1472,13.73213055,0,13.73213055
1473,13.25127491,0,13.25127491
1474,10.3454635,0,10.3454635
1475,9.215001354,0,9.215001354
1476,9.210534441,0,9.210534441
1477,14.72900417,0,14.72900417
1478,10.83098491,0,10.83098491
1479,16.14589703,0,16.14589703
1480,13.27826966,0,13.27826966
1481,15.14722744,0,15.14722744
1482,8.841510791,0,8.841510791
1483,11.25705382,0,11.25705382
1484,9.60120846,0,9.60120846
1485,12.61065171,0,12.61065171
1486,12.6757917,0,12.6757917
1487,12.7167776,0,12.7167776
1488,17.17262167,0,17.17262167
1489,6.125649029,0,6.125649029
1490,15.51034337,0,15.51034337
1491,13.49256524,0,13.49256524
1492,9.710881392,0,9.710881392
1493,16.68600499,0,16.68600499
1494,9.209713483,0,9.209713483
1495,13.28645854,0,13.28645854
1496,10.94125643,0,10.94125643
1497,12.79437878,0,12.79437878
1498,16.33321678,0,16.33321678
1499,13.229739,0,13.229739
1500,15.2061166,0,15.2061166
1501,13.14257951,0,13.14257951
1502,5.643064715,0,5.643064715
1503,13.24997015,0,13.24997015
1504,12.49558897,0,12.49558897
1505,12.14425647,0,12.14425647
1506,9.921044155,0,9.921044155
1507,14.20884342,0,14.20884342
1508,10.75330851,0,10.75330851
1509,16.56812944,0,16.56812944
1510,10.85623644,0,10.85623644
1511,12.95790852,0,12.95790852
1512,14.15346395,0,14.15346395
1513,11.97639038,0,11.97639038
1514,16.13693545,0,16.13693545
1515,11.31526079,0,11.31526079
1516,13.70409436,0,13.70409436
1517,15.65451935,0,15.65451935
1518,11.01251539,0,11.01251539
1519,14.68014874,0,14.68014874
1520,6.575487691,0,6.575487691
1521,12.98080384,0,12.98080384
1522,10.14062868,0,10.14062868
1523,8.69957261,0,8.69957261
1524,7.393206489,0,7.393206489
1525,12.66776708,0,12.66776708
1526,16.07167564,0,16.07167564
1527,14.95851075,0,14.95851075
1528,12.00738221,0,12.00738221
1529,13.69659822,0,13.69659822
1530,5.365945346,0,5.365945346
1531,13.13385673,0,13.13385673
1532,14.27537507,0,14.27537507
1533,11.81434877,0,11.81434877
1534,9.061246908,0,9.061246908
1535,11.39760705,0,11.39760705
1536,9.129022581,0,9.129022581
1537,7.570113071,0,7.570113071
1538,8.860125892,0,8.860125892
1539,11.27068966,0,11.27068966
1540,15.3392122,0,15.3392122
1541,15.15488375,0,15.15488375
1542,9.173206713,0,9.173206713
1543,10.16861915,0,10.16861915
1544,9.576992987,0,9.576992987
1545,11.13104013,0,11.13104013
1546,9.810398985,0,9.810398985
1547,12.22769426,0,12.22769426
1548,11.12042783,0,11.12042783
1549,9.906190921,0,9.906190921
1550,12.85526398,0,12.85526398
1551,11.06470343,0,11.06470343
1552,12.27937548,0,12.27937548
1553,11.26043398,0,11.26043398
1554,13.14675766,0,13.14675766
1555,9.936381303,0,9.936381303
1556,10.6043951,0,10.6043951
1557,13.83753421,0,13.83753421
1558,14.69232154,0,14.69232154
1559,11.64685137,0,11.64685137
1560,11.49844502,0,11.49844502
1561,10.0223519,0,10.0223519
1562,12.90392891,0,12.90392891
1563,11.06123081,0,11.06123081
1564,14.50413779,0,14.50413779
1565,11.71856644,0,11.71856644
1566,6.758254215,0,6.758254215
1567,9.504438859,0,9.504438859
1568,11.09007608,0,11.09007608
1569,20.74515211,0,20.74515211
1570,17.63720249,0,17.63720249
1571,10.52324184,0,10.52324184
1572,11.92675144,0,11.92675144
1573,8.688082035,0,8.688082035
1574,13.95993442,0,13.95993442
1575,16.13360187,0,16.13360187
1576,14.05328199,0,14.05328199
1577,11.38955968,0,11.38955968
1578,8.723466243,0,8.723466243
1579,12.02761602,0,12.02761602
1580,10.897516,0,10.897516
1581,16.82420152,0,16.82420152
1582,10.42228168,0,10.42228168
1583,15.56447045,0,15.56447045
1584,9.411340185,0,9.411340185
1585,13.54602742,0,13.54602742
1586,8.36508125,0,8.36508125
1587,12.21212167,0,12.21212167
1588,11.88016869,0,11.88016869
1589,15.02852409,0,15.02852409
1590,9.470721359,0,9.470721359
1591,8.531610423,0,8.531610423
1592,17.61510799,0,17.61510799
1593,9.655371349,0,9.655371349
1594,16.61424585,0,16.61424585
1595,10.74582971,0,10.74582971
1596,11.61894417,0,11.61894417
1597,12.76664609,0,12.76664609
1598,16.28556082,0,16.28556082
1599,9.218159806,0,9.218159806
1600,11.23831371,0,11.23831371
1601,9.805270806,0,9.805270806
1602,11.50635894,0,11.50635894
1603,8.688008516,0,8.688008516
1604,10.37496376,0,10.37496376
1605,16.22762326,0,16.22762326
1606,10.35531642,0,10.35531642
1607,13.12769987,0,13.12769987
1608,11.04600108,0,11.04600108
1609,11.30903691,0,11.30903691
1610,11.58379147,0,11.58379147
1611,8.764323669,0,8.764323669
1612,11.69896496,0,11.69896496
1613,9.421856887,0,9.421856887
1614,6.540537373,0,6.540537373
1615,10.06640247,0,10.06640247
1616,10.48681606,0,10.48681606
1617,8.465713158,0,8.465713158
1618,7.250066338,0,7.250066338
1619,10.09796139,0,10.09796139
1620,13.18037549,0,13.18037549
1621,13.13148164,0,13.13148164
1622,6.066171248,0,6.066171248
1623,18.19099345,0,18.19099345
1624,12.18913574,0,12.18913574
1625,13.78791404,0,13.78791404
1626,7.983806555,0,7.983806555
1627,15.87712264,0,15.87712264
1628,13.22224575,0,13.22224575
1629,16.38469751,0,16.38469751
1630,9.512206537,0,9.512206537
1631,11.79972816,0,11.79972816
1632,17.1899352,0,17.1899352
1633,13.33061022,0,13.33061022
1634,9.861071697,0,9.861071697
1635,14.70625987,0,14.70625987
1636,11.6232389,0,11.6232389
1637,15.53362177,0,15.53362177
1638,7.926400391,0,7.926400391
1639,10.07096396,0,10.07096396
1640,14.12095265,0,14.12095265
1641,11.84688137,0,11.84688137
1642,10.46164008,0,10.46164008
1643,9.499181484,0,9.499181484
1644,11.63472985,0,11.63472985
1645,3.772584097,0,3.772584097
1646,6.521740494,0,6.521740494
1647,17.22238612,0,17.22238612
1648,6.379071783,0,6.379071783
1649,14.68011772,0,14.68011772
1650,12.968468,0,12.968468
1651,7.973713521,0,7.973713521
1652,9.859342225,0,9.859342225
1653,15.01223904,0,15.01223904
1654,3.720879154,0,3.720879154
1655,17.7776012,0,17.7776012
1656,11.81123856,0,11.81123856
1657,11.54062221,0,11.54062221
1658,15.52692166,0,15.52692166
1659,12.6409442,0,12.6409442
1660,14.83147209,0,14.83147209
1661,7.655957929,0,7.655957929
1662,7.524503506,0,7.524503506
1663,10.9487765,0,10.9487765
1664,11.83806817,0,11.83806817
1665,15.08305882,0,15.08305882
1666,10.31111342,0,10.31111342
1667,12.35694612,0,12.35694612
1668,13.3800158,0,13.3800158
1669,7.325261164,0,7.325261164
1670,13.25769585,0,13.25769585
1671,9.677835956,0,9.677835956
1672,7.460607766,0,7.460607766
1673,10.26453823,0,10.26453823
1674,13.45182046,0,13.45182046
1675,19.04170822,0,19.04170822
1676,9.614184095,0,9.614184095
1677,16.72985226,0,16.72985226
1678,15.27822366,0,15.27822366
1679,9.179732153,0,9.179732153
1680,7.410001561,0,7.410001561
1681,16.30714406,0,16.30714406
1682,11.87224507,0,11.87224507
1683,9.480592122,0,9.480592122
1684,9.562135576,0,9.562135576
1685,13.58227003,0,13.58227003
1686,13.80346721,0,13.80346721
1687,13.16813001,0,13.16813001
1688,14.05997712,0,14.05997712
1689,9.806838315,0,9.806838315
1690,5.892333669,0,5.892333669
1691,13.21310771,0,13.21310771
1692,14.49709434,0,14.49709434
1693,6.382635781,0,6.382635781
1694,12.50194607,0,12.50194607
1695,13.02131283,0,13.02131283
1696,9.077344962,0,9.077344962
1697,13.30826835,0,13.30826835
1698,10.32943966,0,10.32943966
1699,6.946313661,0,6.946313661
1700,12.95829817,0,12.95829817
1701,10.67928656,0,10.67928656
1702,14.61411259,0,14.61411259
1703,12.4443543,0,12.4443543
1704,13.54969457,0,13.54969457
1705,10.25915925,0,10.25915925
1706,9.679665858,0,9.679665858
1707,8.24685906,0,8.24685906
1708,11.90844299,0,11.90844299
1709,14.0671538,0,14.0671538
1710,11.24903293,0,11.24903293
1711,12.51692519,0,12.51692519
1712,13.04261278,0,13.04261278
1713,15.29257697,0,15.29257697
1714,14.18952137,0,14.18952137
1715,13.59213901,0,13.59213901
1716,12.86912402,0,12.86912402
1717,13.56607624,0,13.56607624
1718,11.00826829,0,11.00826829
1719,14.46801715,0,14.46801715
1720,11.47642208,0,11.47642208
1721,8.814545594,0,8.814545594
1722,12.80306978,0,12.80306978
1723,10.52369203,0,10.52369203
1724,12.67912586,0,12.67912586
1725,13.79889815,0,13.79889815
1726,7.73756788,0,7.73756788
1727,10.62051588,0,10.62051588
1728,10.85849648,0,10.85849648
1729,11.63852167,0,11.63852167
1730,11.97339308,0,11.97339308
1731,10.2436819,0,10.2436819
1732,13.38819473,0,13.38819473
1733,6.598058748,0,6.598058748
1734,12.2399886,0,12.2399886
1735,14.89085414,0,14.89085414
1736,11.24263619,0,11.24263619
1737,10.99892628,0,10.99892628
1738,18.16658383,0,18.16658383
1739,9.557291271,0,9.557291271
1740,14.83527195,0,14.83527195
1741,11.83278609,0,11.83278609
1742,13.05026014,0,13.05026014
1743,16.8805963,0,16.8805963
1744,14.14339307,0,14.14339307
1745,10.81873874,0,10.81873874
1746,12.49433559,0,12.49433559
1747,6.767710683,0,6.767710683
1748,9.205485891,0,9.205485891
1749,14.27135875,0,14.27135875
1750,9.693230583,0,9.693230583
1751,13.61314084,0,13.61314084
1752,12.24250113,0,12.24250113
1753,10.69100084,0,10.69100084
1754,11.95339076,0,11.95339076
1755,11.03305936,0,11.03305936
1756,11.64959458,0,11.64959458
1757,12.861471,0,12.861471
1758,6.401919763,0,6.401919763
1759,11.84045677,0,11.84045677
1760,8.057622081,0,8.057622081
1761,11.54061315,0,11.54061315
1762,11.09307219,0,11.09307219
1763,9.267519693,0,9.267519693
1764,11.46191684,0,11.46191684
1765,12.72759157,0,12.72759157
1766,12.99713081,0,12.99713081
1767,14.31036884,0,14.31036884
1768,12.53402583,0,12.53402583
1769,10.49678198,0,10.49678198
1770,10.1133239,0,10.1133239
1771,10.11604168,0,10.11604168
1772,11.96755355,0,11.96755355
1773,15.40054699,0,15.40054699
1774,11.379068,0,11.379068
1775,15.33842919,0,15.33842919
1776,11.58792523,0,11.58792523
1777,12.55465034,0,12.55465034
1778,12.62431067,0,12.62431067
1779,11.85498843,0,11.85498843
1780,11.93051788,0,11.93051788
1781,12.14233254,0,12.14233254
1782,9.361336319,0,9.361336319
1783,10.84769194,0,10.84769194
1784,10.36954801,0,10.36954801
1785,8.394177972,0,8.394177972
1786,11.60442989,0,11.60442989
1787,11.98254359,0,11.98254359
1788,16.44078976,0,16.44078976
1789,11.48482465,0,11.48482465
1790,7.89830477,0,7.89830477
1791,10.97091921,0,10.97091921
1792,12.55410038,0,12.55410038
1793,12.75312207,0,12.75312207
1794,13.31133586,0,13.31133586
1795,8.420762606,0,8.420762606
1796,7.865503282,0,7.865503282
1797,10.18687118,0,10.18687118
1798,10.76420483,0,10.76420483
1799,12.32610825,0,12.32610825
1800,10.36197263,0,10.36197263
1801,10.78344531,0,10.78344531
1802,13.86760689,0,13.86760689
1803,10.94546137,0,10.94546137
1804,16.24428009,0,16.24428009
1805,16.65842485,0,16.65842485
1806,9.563590577,0,9.563590577
1807,11.09724648,0,11.09724648
1808,11.01918697,0,11.01918697
1809,11.37255497,0,11.37255497
1810,10.1553343,0,10.1553343
1811,12.41484909,0,12.41484909
1812,11.52017848,0,11.52017848
1813,10.54460094,0,10.54460094
1814,15.03078255,0,15.03078255
1815,8.998773943,0,8.998773943
1816,9.179611769,0,9.179611769
1817,12.25715315,0,12.25715315
1818,12.49879094,0,12.49879094
1819,5.851923693,0,5.851923693
1820,20.43661304,0,20.43661304
1821,5.546384114,0,5.546384114
1822,17.07051954,0,17.07051954
1823,14.17751304,0,14.17751304
1824,11.65038881,0,11.65038881
1825,13.4789423,0,13.4789423
1826,12.15692782,0,12.15692782
1827,11.90450686,0,11.90450686
1828,14.29239834,0,14.29239834
1829,7.327268367,0,7.327268367
1830,7.158147502,0,7.158147502
1831,8.141547825,0,8.141547825
1832,10.42334507,0,10.42334507
1833,13.0385178,0,13.0385178
1834,8.871393847,0,8.871393847
1835,10.71110651,0,10.71110651
1836,7.432803023,0,7.432803023
1837,9.200457667,0,9.200457667
1838,9.798282668,0,9.798282668
1839,13.14250218,0,13.14250218
1840,10.81963648,0,10.81963648
1841,9.851464013,0,9.851464013
1842,13.70029583,0,13.70029583
1843,14.33172007,0,14.33172007
1844,9.385862723,0,9.385862723
1845,9.877672188,0,9.877672188
1846,12.39826994,0,12.39826994
1847,11.34861646,0,11.34861646
1848,11.58663024,0,11.58663024
1849,9.775850158,0,9.775850158
1850,9.84778613,0,9.84778613
1851,12.71134453,0,12.71134453
1852,15.50301165,0,15.50301165
1853,15.27256083,0,15.27256083
1854,8.558594034,0,8.558594034
1855,13.01799086,0,13.01799086
1856,17.8560009,0,17.8560009
1857,9.420877205,0,9.420877205
1858,10.19530602,0,10.19530602
1859,12.75607715,0,12.75607715
1860,16.65884199,0,16.65884199
1861,10.88167249,0,10.88167249
1862,15.75831064,0,15.75831064
1863,16.22979722,0,16.22979722
1864,16.39543683,0,16.39543683
1865,15.33660065,0,15.33660065
1866,12.50061007,0,12.50061007
1867,14.4967062,0,14.4967062
1868,16.84953251,0,16.84953251
1869,10.62893884,0,10.62893884
1870,7.840985085,0,7.840985085
1871,10.43113662,0,10.43113662
1872,14.47033417,0,14.47033417
1873,12.98160247,0,12.98160247
1874,11.29383442,0,11.29383442
1875,13.30987399,0,13.30987399
1876,11.97985829,0,11.97985829
1877,9.028572943,0,9.028572943
1878,9.787015012,0,9.787015012
1879,11.17059891,0,11.17059891
1880,14.4432495,0,14.4432495
1881,7.486887606,0,7.486887606
1882,12.1042734,0,12.1042734
1883,12.47283192,0,12.47283192
1884,14.0408706,0,14.0408706
1885,14.49605556,0,14.49605556
1886,8.655650214,0,8.655650214
1887,5.903815152,0,5.903815152
1888,12.70302655,0,12.70302655
1889,12.33346173,0,12.33346173
1890,15.10676122,0,15.10676122
1891,13.74288607,0,13.74288607
1892,11.37251012,0,11.37251012
1893,6.743976362,0,6.743976362
1894,10.46535716,0,10.46535716
1895,13.84426644,0,13.84426644
1896,11.09061497,0,11.09061497
1897,8.4407986,0,8.4407986
1898,10.39280329,0,10.39280329
1899,11.0297184,0,11.0297184
1900,12.40747135,0,12.40747135
1901,12.99415814,0,12.99415814
1902,9.802138824,0,9.802138824
1903,15.11078797,0,15.11078797
1904,5.889094144,0,5.889094144
1905,10.99898007,0,10.99898007
1906,13.88141922,0,13.88141922
1907,13.42379794,0,13.42379794
1908,15.43132832,0,15.43132832
1909,11.05198909,0,11.05198909
1910,11.06378993,0,11.06378993
1911,10.20049893,0,10.20049893
1912,13.091467,0,13.091467
1913,20.23579628,0,20.23579628
1914,12.22877167,0,12.22877167
1915,10.40993496,0,10.40993496
1916,12.67913606,0,12.67913606
1917,12.95486022,0,12.95486022
1918,12.03923418,0,12.03923418
1919,15.99656068,0,15.99656068
1920,10.18662348,0,10.18662348
1921,11.12704596,0,11.12704596
1922,8.822758752,0,8.822758752
1923,14.55046605,0,14.55046605
1924,7.324405171,0,7.324405171
1925,14.76639577,0,14.76639577
1926,12.2202364,0,12.2202364
1927,18.14141282,0,18.14141282
1928,11.72000541,0,11.72000541
1929,10.77161838,0,10.77161838
1930,10.95766485,0,10.95766485
1931,10.33111792,0,10.33111792
1932,5.824651315,0,5.824651315
1933,9.496871216,0,9.496871216
1934,16.54598653,0,16.54598653
1935,13.32800297,0,13.32800297
1936,12.37482183,0,12.37482183
1937,9.057113455,0,9.057113455
1938,5.3935409,0,5.3935409
1939,7.539229824,0,7.539229824
1940,12.7120127,0,12.7120127
1941,15.43525729,0,15.43525729
1942,10.68465476,0,10.68465476
1943,12.23053564,0,12.23053564
1944,6.173236099,0,6.173236099
1945,11.28099476,0,11.28099476
1946,4.717370731,0,4.717370731
1947,9.5110141,0,9.5110141
1948,16.96786992,0,16.96786992
1949,14.54522676,0,14.54522676
1950,10.81320477,0,10.81320477
1951,9.345587888,0,9.345587888
1952,13.07370219,0,13.07370219
1953,15.35915055,0,15.35915055
1954,14.02122072,0,14.02122072
1955,17.96875028,0,17.96875028
1956,12.8328928,0,12.8328928
1957,11.91782213,0,11.91782213
1958,7.857371962,0,7.857371962
1959,8.413401254,0,8.413401254
1960,9.412973258,0,9.412973258
1961,10.22496048,0,10.22496048
1962,4.649827106,0,4.649827106
1963,6.686947577,0,6.686947577
1964,10.60687294,0,10.60687294
1965,13.22832823,0,13.22832823
1966,12.35413104,0,12.35413104
1967,15.86575374,0,15.86575374
1968,11.38626366,0,11.38626366
1969,16.4743802,0,16.4743802
1970,7.663163554,0,7.663163554
1971,12.88743029,0,12.88743029
1972,12.08984273,0,12.08984273
1973,10.48284678,0,10.48284678
1974,11.59211912,0,11.59211912
1975,6.064682429,0,6.064682429
1976,9.660459238,0,9.660459238
1977,15.88082653,0,15.88082653
1978,12.73517068,0,12.73517068
1979,12.18727165,0,12.18727165
1980,5.086594704,0,5.086594704
1981,12.78610227,0,12.78610227
1982,17.51454326,0,17.51454326
1983,11.3925835,0,11.3925835
1984,15.21756311,1,85.21756311
1985,12.34992737,1,62.34992737
1986,11.85462729,1,81.85462729
1987,8.976893587,1,89.97689359
1988,16.87590284,1,72.87590284
1989,11.54784013,1,51.54784013
1990,12.17573488,1,42.17573488
1991,10.23709599,1,80.23709599
1992,14.19519432,1,94.19519432
1993,14.54462685,1,54.54462685
1994,11.3806981,1,61.3806981
1995,12.70325383,1,42.70325383
1996,9.529497176,1,69.52949718
1997,10.5745985,1,60.5745985
1998,11.505937,1,71.505937
1999,9.450453672,1,89.45045367
2000,6.252745455,1,56.25274546