time,true_time,Point.Forecast,Lo.80,Hi.80,Lo.95,Hi.95
1401,4.835616,62.28738526,52.19269748,72.38207303,46.84889256,77.72587795
1402,4.838356,49.6040971,39.50799983,59.70019437,34.16344878,65.04474542
1403,4.841096,59.33837051,49.24086395,69.43587707,43.89556686,74.78117416
1404,4.843836,51.83811036,41.7391947,61.93702601,36.39315168,67.28306903
1405,4.846575,63.98863611,53.88831156,74.08896067,48.54152271,79.43574952
1406,4.849315,57.92040818,47.81867492,68.02214144,42.47114035,73.36967601
1407,4.852055,50.35286028,40.24971851,60.45600205,34.90143833,65.80428223
1408,4.854795,49.9566706,39.85212052,60.06122067,34.50309482,65.41024637
1409,4.857534,50.93240504,40.82644685,61.03836323,35.47667574,66.38813434
1410,4.860274,62.24041113,52.13304502,72.34777724,46.78252861,77.69829365
1411,4.863014,48.65788711,38.54911328,58.76666094,33.19785166,64.11792256
1412,4.865753,59.45965648,49.34947512,69.56983783,43.9974684,74.92184455
1413,4.868493,56.24825786,46.13666918,66.35984655,40.78391747,71.71259826
1414,4.871233,50.34153332,40.2285375,60.45452913,34.87504089,65.80802574
1415,4.873973,61.36715913,51.25275638,71.48156189,45.89851498,76.83580328
1416,4.876712,46.47061985,36.35481035,56.58642935,30.99982427,61.94141543
1417,4.879452,57.22547165,47.1082556,67.34268769,41.75252494,72.69841835
1418,4.882192,53.74022354,43.62160115,63.85884594,38.26512601,69.21532108
1419,4.884932,57.59602798,47.47599942,67.71605653,42.11877991,73.07327604
1420,4.887671,50.48448231,40.36304779,60.60591682,35.00508401,65.9638806
1421,4.890411,55.47047673,45.34763645,65.593317,39.9889285,70.95202495
1422,4.893151,51.26031804,41.13607219,61.38456389,35.77662018,66.7440159
1423,4.89589,55.97154189,45.84589066,66.09719311,40.48569469,71.45738908
1424,4.89863,48.9967991,38.86974269,59.1238555,33.50880286,64.48479533
1425,4.90137,54.86148192,44.73302053,64.98994331,39.37133695,70.3516269
1426,4.90411,63.84923844,53.71937226,73.97910462,48.35694503,79.34153185
1427,4.906849,60.47804445,50.34677368,70.60931523,44.9836029,75.97248601
1428,4.909589,65.56604128,55.4333661,75.69871645,50.06945188,81.06263068
1429,4.912329,50.85122615,40.71714677,60.98530553,35.3524892,66.3499631
1430,4.915068,56.68372139,46.548238,66.81920478,41.18283719,72.18460559
1431,4.917808,74.01800651,63.8811193,84.15489372,58.51497536,89.52103767
1432,4.920548,50.49900232,40.36071149,60.63729315,34.99382451,66.00418013
1433,4.923288,57.10209865,46.96240439,67.24179291,41.59477448,72.60942281
1434,4.926027,57.48383582,47.34273833,67.62493331,41.97436559,72.99330605
1435,4.928767,53.37347143,43.2309709,63.51597196,37.86185544,68.88508742
1436,4.931507,62.20669157,52.06278819,72.35059494,46.69293011,77.72045302
1437,4.934247,55.37249786,45.22719183,65.51780389,39.85659123,70.88840449
1438,4.936986,62.46686603,52.32015754,72.61357452,46.94881452,77.98491753
1439,4.939726,49.91652683,39.76841608,60.06463759,34.39633075,65.43672292
1440,4.942466,65.97345309,55.82394026,76.12296591,50.45111272,81.49579345
1441,4.945205,61.14857563,50.99766093,71.29949033,45.62409128,76.67305998
1442,4.947945,70.12300987,59.97069348,80.27532625,54.59638183,85.6496379
1443,4.950685,57.67788075,47.52416288,67.83159862,42.14910932,73.20665218
1444,4.953425,54.30051952,44.14540035,64.45563869,38.76960499,69.83143405
1445,4.956164,61.44601982,51.28949955,71.60254009,45.91296249,76.97907715
1446,4.958904,49.96950638,39.8115852,60.12742756,34.43430654,65.50470622
1447,4.961644,53.13184142,42.97251952,63.29116332,37.59449937,68.66918347
1448,4.964384,57.41070987,47.24998744,67.57143229,41.8712259,72.95019383
1449,4.967123,60.6220842,50.45996145,70.78420695,45.08045861,76.16370978
1450,4.969863,58.68125484,48.51773195,68.84477773,43.13748793,74.22502175
1451,4.972603,60.43231804,50.2673952,70.59724087,44.88641009,75.97822598
1452,4.975342,59.34215653,49.17583395,69.50847912,43.79410786,74.89020521
1453,4.978082,67.32976135,57.16203921,77.4974835,51.77957224,82.87995047
1454,4.980822,69.35539495,59.18627344,79.52451646,53.80306569,84.90772422
1455,4.983562,66.84278779,56.67226711,77.01330848,51.28831867,82.39725691
1456,4.986301,65.11141646,54.9394968,75.28333613,49.55480779,80.66802514
1457,4.989041,61.70219894,51.52888048,71.87551739,46.143451,77.26094688
1458,4.991781,64.34206251,54.16734546,74.51677956,48.7811756,79.90294942
1459,4.994521,63.14953785,52.97342239,73.32565331,47.58651227,78.71256343
1460,4.99726,61.72491188,51.54739821,71.90242555,46.15974792,77.29007585
1461,5,72.63811971,62.45920802,82.8170314,57.07081766,88.20542176
1462,5.00274,61.18034693,51.00003741,71.36065645,45.61090708,76.74978678
1463,5.005479,66.75802934,56.57632219,76.9397365,51.18645199,82.32960669
1464,5.008219,58.07317305,47.89006845,68.25627765,42.4994585,73.6468876
1465,5.010959,75.15934343,64.97484158,85.34384528,59.58349196,90.7351949
1466,5.013699,66.94967953,56.76378062,77.13557845,51.37169144,82.52766762
1467,5.016438,68.60116778,58.413872,78.78846357,53.02104337,84.1812922
1468,5.019178,71.50745252,61.31876006,81.69614498,55.92519207,87.08971297
1469,5.021918,60.50317269,50.31308374,70.69326164,44.9187765,76.08756888
1470,5.024658,74.56892857,64.37744333,84.76041382,58.98239693,90.15546022
1471,5.027397,67.70824548,57.51536413,77.90112683,52.11957868,83.29691228
1472,5.030137,63.68595776,53.4916805,73.88023502,48.09515609,79.27675942
1473,5.032877,74.4520431,64.25637012,84.64771608,58.85910686,90.04497933
1474,5.035616,69.16014178,58.96307327,79.35721029,53.56507127,84.7552123
1475,5.038356,75.91080471,65.71234086,86.10926856,60.3136002,91.50800921
1476,5.041096,68.10428787,57.90442887,78.30414687,52.50494967,83.70362607
1477,5.043836,71.49309384,61.29183988,81.6943478,55.89162224,87.09456545
1478,5.046575,72.13733938,61.93469065,82.33998811,56.53373466,87.7409441
1479,5.049315,64.84265977,54.63861646,75.04670307,49.23692223,80.44839731
1480,5.052055,75.44998345,65.24454576,85.65542114,59.84211338,91.05785351
1481,5.054795,65.61330838,55.40647649,75.82014026,50.00330607,81.22331068
1482,5.057534,64.75255092,54.54432503,74.96077681,49.14041666,80.36468517
1483,5.060274,63.62405128,53.41443157,73.83367098,48.00978537,79.23831719
1484,5.063014,61.06489143,50.8538781,71.27590477,45.44849416,76.68128871
1485,5.065753,81.75801545,71.54560869,91.97042222,66.13948711,97.3765438
1486,5.068493,80.51051576,70.29671575,90.72431577,64.88985663,96.13117489
1487,5.071233,72.50318587,62.28799281,82.71837894,56.88039625,88.1259755
1488,5.073973,70.56127565,60.34468972,80.77786158,54.93635583,86.18619548
1489,5.076712,71.48713865,61.26916005,81.70511726,55.86008892,87.11418839
1490,5.079452,69.18261053,58.96323945,79.40198162,53.55343117,84.81178989
1491,5.082192,75.93460971,65.71384633,86.1553731,60.30330102,91.5659184
1492,5.084932,68.89357937,58.67142388,79.11573486,53.26014164,84.5270171
1493,5.087671,68.5973504,58.373803,78.8208978,52.96178392,84.23291688
1494,5.090411,81.1567703,70.93183117,91.38170943,65.51907535,96.79446524
1495,5.093151,76.61937345,66.39304279,86.84570412,60.97955034,92.25919657
1496,5.09589,78.18770538,67.95998337,88.4154274,62.54575438,93.82965638
1497,5.09863,86.00309095,75.77397777,96.23220412,70.35901235,101.6471695
1498,5.10137,73.90929004,63.6787859,84.13979418,58.26308414,89.55549594
1499,5.10411,79.44093705,69.20904212,89.67283197,63.79260413,95.08926996
1500,5.106849,74.11017999,63.87689447,84.3434655,58.45972035,89.76063962
1501,5.109589,76.76271102,66.5280351,86.99738693,61.11012494,92.41529709
1502,5.112329,69.79530746,59.55924133,80.03137359,54.14059524,85.45001968
1503,5.115068,70.77100173,60.53354558,81.00845789,55.11416365,86.42783982
1504,5.117808,70.25151006,60.01266407,80.49035605,54.59254641,85.91047371
1505,5.120548,73.00740182,62.76716619,83.24763746,57.34631289,88.66849076
1506,5.123288,75.38677578,65.14515068,85.62840087,59.72356185,91.04998971
1507,5.126027,69.15396427,58.91094991,79.39697864,53.48862564,84.8193029
1508,5.128767,74.13659783,63.89219438,84.38100128,58.46913478,89.80406088
1509,5.131507,76.34818793,66.10239559,86.59398027,60.67860075,92.01777511
1510,5.134247,78.74661578,68.49943474,88.99379683,63.07490476,94.4183268
1511,5.136986,74.42122579,64.17265623,84.66979535,58.74739122,90.09506036
1512,5.139726,78.87517452,68.62521663,89.12513242,63.19921669,94.55113236
1513,5.142466,73.47049515,63.21914912,83.72184119,57.79241434,89.14857597
1514,5.145205,78.00623016,67.75349617,88.25896414,62.32602665,93.68643367
1515,5.147945,78.57016596,68.31604421,88.82428771,62.88784005,94.25249188
1516,5.150685,76.01454064,65.75903131,86.27004997,60.33009261,91.69898867
1517,5.153425,76.55899623,66.30209952,86.81589295,60.87242638,92.24556609
1518,5.156164,72.19570058,61.93741667,82.4539845,56.50700919,87.88439198
1519,5.158904,71.99379737,61.73412644,82.25346831,56.30298472,87.68461003
1520,5.161644,73.8663488,63.60529104,84.12740656,58.17341518,89.55928242
1521,5.164384,68.72786691,58.46542251,78.99031131,53.0328126,84.42292121
1522,5.167123,69.95859921,59.69476836,80.22243006,54.26142451,85.65577391
1523,5.169863,73.03544109,62.77022397,83.3006582,57.33614628,88.7347359
1524,5.172603,81.09578322,70.82918003,91.36238641,65.39436859,96.79719785
1525,5.175342,62.17004784,51.90205875,72.43803692,46.46651367,77.87358201
1526,5.178082,64.34164438,54.0722696,74.61101917,48.63599096,80.0472978
1527,5.180822,74.72170261,64.4509423,84.99246291,59.01393022,90.42947499
1528,5.183562,81.84809737,71.57595174,92.12024301,66.13820631,97.55798844
1529,5.186301,74.40560662,64.13207584,84.67913739,58.69359716,90.11761607
1530,5.189041,70.21800997,59.94309424,80.4929257,54.50388241,85.93213754
1531,5.191781,76.33174404,66.05544354,86.60804454,60.61549865,92.04798943
1532,5.194521,78.12830749,67.8506224,88.40599257,62.40994457,93.84667041
1533,5.19726,65.73561287,55.45654339,76.01468235,50.01513269,81.45609304
1534,5.2,71.72319808,61.44274439,82.00365178,56.00060094,87.44579523
1535,5.20274,60.00094442,49.7191067,70.28278213,44.27623059,75.72565824
1536,5.205479,67.73927621,57.45605466,78.02249777,52.01244599,83.46610643
1537,5.208219,72.00971577,61.72511056,82.29432097,56.28076944,87.7386621
1538,5.210959,66.98747975,56.70149108,77.27346842,51.25641759,82.71854191
1539,5.213699,68.19692139,57.90954944,78.48429334,52.46374369,83.93009909
1540,5.216438,70.4151323,60.12637726,80.70388735,54.67983935,86.15042526
1541,5.219178,67.93197934,57.64184139,78.22211729,52.1945714,83.66938727
1542,5.221918,69.04852723,58.75700656,79.3400479,53.30900461,84.78804985
1543,5.224658,66.12964906,55.83674585,76.42255226,50.38801203,81.87128609
1544,5.227397,70.66916,60.37487444,80.96344555,54.92540885,86.41291115
1545,5.230137,74.84432451,64.54865679,85.13999223,59.09845952,90.5901895
1546,5.232877,58.23597388,47.93892418,68.53302357,42.48799533,73.98395242
1547,5.235616,62.62446635,52.32603486,72.92289784,46.87437453,78.37455816
1548,5.238356,63.02429892,52.72448582,73.32411202,47.27209412,78.77650372
1549,5.241096,62.38660674,52.08541222,72.68780126,46.63228924,78.14092424
1550,5.243836,71.92482742,61.62225166,82.22740318,56.1683975,87.68125735
1551,5.246575,72.39152101,62.0875642,82.69547782,56.63297895,88.15006307
1552,5.249315,52.42468955,42.11935187,62.73002723,36.66403564,68.18534346
1553,5.252055,57.14542795,46.83870959,67.45214631,41.38266246,72.90819343
1554,5.254795,58.82841961,48.52032076,69.13651847,43.06354284,74.59329639
1555,5.257534,63.14254818,52.83306901,73.45202735,47.3755604,78.90953596
1556,5.260274,57.39569495,47.08483565,67.70655424,41.62659644,73.16479345
1557,5.263014,57.54936046,47.23712122,67.8615997,41.77815152,73.32056941
1558,5.265753,56.11418329,45.8005643,66.42780229,40.34086419,71.8875024
1559,5.268493,69.32289579,59.00789721,79.63789436,53.54746681,85.09832476
1560,5.271233,56.0605411,45.74416314,66.37691906,40.28300253,71.83807967
1561,5.273973,60.00057254,49.68281537,70.3183297,44.22092466,75.78022042
1562,5.276712,63.52204943,53.20291325,73.84118562,47.74029252,79.30380635
1563,5.279452,61.1234968,50.80298178,71.44401182,45.33963114,76.90736246
1564,5.282192,55.93265946,45.61076579,66.25455313,40.14668533,71.71863359
1565,5.284932,59.8738691,49.55059696,70.19714124,44.08578679,75.66195141
1566,5.287671,61.43402443,51.109374,71.75867485,45.64383421,77.22421464
1567,5.290411,62.59459111,52.26856259,72.92061964,46.80229328,78.38688895
1568,5.293151,60.94907936,50.62167292,71.27648581,45.15467419,76.74348454
1569,5.29589,71.92825374,61.59946957,82.25703791,56.1317415,87.72476598
1570,5.29863,60.00717316,49.67701144,70.33733488,44.20855415,75.80579217
1571,5.30137,64.26628335,53.93474426,74.59782244,48.46555784,80.06700886
1572,5.30411,56.88834973,46.55543346,67.221266,41.085518,72.69118146
1573,5.306849,59.10790549,48.77361222,69.44219875,43.30296782,74.91284315
1574,5.309589,64.92536651,54.58969643,75.26103659,49.11832319,80.73240983
1575,5.312329,59.10769788,48.77065117,69.44474459,43.29854919,74.91684658
1576,5.315068,59.99531648,49.65689332,70.33373964,44.18406269,75.80657027
1577,5.317808,60.55827387,50.21847444,70.89807329,44.74491526,76.37163247
1578,5.320548,54.10911343,43.76793793,64.45028893,38.29365029,69.92457657
1579,5.323288,57.91638953,47.57383813,68.25894093,42.09882214,73.73395692
1580,5.326027,48.25504988,37.91112276,58.598977,32.43537851,64.07472125
1581,5.328767,53.05996009,42.71465744,63.40526274,37.23818503,68.88173516
1582,5.331507,54.88164257,44.53496457,65.22832057,39.05776409,70.70552105
1583,5.334247,51.87945027,41.53139711,62.22750344,36.05346866,67.70543188
1584,5.336986,43.13255245,32.7831243,53.48198059,27.30446798,58.96063692
1585,5.339726,58.13958353,47.78878058,68.49038648,42.30939649,73.96977058
1586,5.342466,51.45966841,41.10749084,61.81184598,35.62737907,67.29195775
1587,5.345205,51.21973691,40.86618491,61.57328892,35.38534555,67.05412827
1588,5.347945,63.41831895,53.06339269,73.77324521,47.58182585,79.25481205
1589,5.350685,52.15520603,41.7989057,62.51150636,36.31661147,67.99380059
1590,5.353425,61.6641449,51.30647068,72.02181911,45.82344916,77.50484064
1591,5.356164,53.68447076,43.32542284,64.04351869,37.84167412,69.52726741
1592,5.358904,58.70645761,48.34603617,69.06687906,42.86156035,74.55135488
1593,5.361644,46.0751502,35.71335541,56.43694499,30.22815259,61.92214782
1594,5.364384,42.70271588,32.33954793,53.06588383,26.85361819,58.55181356
1595,5.367123,51.63456931,41.27002838,61.99911024,35.78337184,67.48576678
1596,5.369863,52.63355642,42.26764269,62.99947014,36.78025943,68.4868534
1597,5.372603,59.34656937,48.97928303,69.71385571,43.49117316,75.20196559
1598,5.375342,60.1344374,49.76577863,70.50309618,44.27694223,75.99193258
1599,5.378082,56.4140689,46.04403787,66.78409992,40.55447505,72.27366275
1600,5.380822,49.12073756,38.74933447,59.49214066,33.25904532,64.98242981
1601,5.383562,61.79775287,51.42497788,72.17052785,45.9339625,77.66154324
1602,5.386301,53.82560662,43.45145993,64.19975331,37.9597184,69.69149483
1603,5.389041,50.74732253,40.37180432,61.12284075,34.87933675,66.61530831
1604,5.391781,51.32417832,40.94728876,61.70106788,35.45409525,67.1942614
1605,5.394521,54.22472054,43.84645982,64.60298127,38.35254046,70.09690063
1606,5.39726,58.03701391,47.65738221,68.41664562,42.16273709,73.91129073
1607,5.4,55.81105869,45.43005618,66.1920612,39.93468541,71.68743197
1608,5.40274,59.05884319,48.67647007,69.44121632,43.18037373,74.93731266
1609,5.405479,54.69704326,44.31329969,65.08078682,38.81647789,70.57760863
1610,5.408219,58.61162764,48.22651381,68.99674146,42.72896664,74.49428864
1611,5.410959,48.44060053,38.05411663,58.82708443,32.55584418,64.32535688
1612,5.413699,55.14668284,44.75882905,65.53453664,39.25983142,71.03353427
1613,5.416438,48.61835481,38.2291313,59.00757832,32.72940858,64.50730104
1614,5.419178,53.99653354,43.60594049,64.38712658,38.10549278,69.88757429
1615,5.421918,60.64311953,50.25115712,71.03508193,44.74998453,76.53625453
1616,5.424658,55.1804097,44.78707812,65.57374128,39.28518073,71.07563867
1617,5.427397,60.45875134,50.06405077,70.85345192,44.56142868,76.35607401
1618,5.430137,66.16105648,55.76498709,76.55712586,50.26164039,82.06047257
1619,5.432877,54.60361976,44.20618174,65.00105778,38.70211053,70.50512899
1620,5.435616,49.62490612,39.22609965,60.02371259,33.72130402,65.52850822
1621,5.438356,54.7803315,44.38015675,65.18050625,38.87463681,70.6860262
1622,5.441096,60.28448972,49.88294688,70.68603257,44.37670271,76.19227674
1623,5.443836,60.41265977,50.00974902,70.81557053,44.50278071,76.32253883
1624,5.446575,57.13429016,46.73001167,67.53856865,41.22231933,73.04626098
1625,5.449315,54.97862475,44.5729787,65.38427079,39.06456243,70.89268707
1626,5.452055,59.26408675,48.85707333,69.67110017,43.34793321,75.18024029
1627,5.454795,51.48384893,41.07546832,61.89222954,35.56560445,67.40209341
1628,5.457534,52.64523694,42.23548932,63.05498457,36.72490179,68.5655721
1629,5.460274,65.0565703,54.64545583,75.46768476,49.13414475,80.97899584
1630,5.463014,67.10300349,56.69052237,77.51548461,51.17848782,83.02751916
1631,5.465753,49.2407103,38.8268627,59.6545579,33.31410479,65.16731581
1632,5.468493,60.67355707,50.25834317,71.08877096,44.74486198,76.60225215
1633,5.471233,59.57433932,49.15775931,69.99091933,43.64355494,75.5051237
1634,5.473973,64.30369775,53.88575179,74.7216437,48.37082434,80.23657115
1635,5.476712,64.71128183,54.29197012,75.13059354,48.77631967,80.64624399
1636,5.479452,69.71566885,59.29499155,80.13634614,53.77861821,85.65271948
1637,5.482192,55.00641553,44.58437284,65.42845823,39.0672767,70.94555437
1638,5.484932,64.62484939,54.20144147,75.04825731,48.68362263,80.56607616
1639,5.487671,61.39374372,50.96897075,71.81851668,45.4504293,77.33705814
1640,5.490411,60.48232188,50.05618405,70.90845971,44.53692007,76.42772368
1641,5.493151,64.93819936,54.51069685,75.36570188,48.99071045,80.88568828
1642,5.49589,73.05308958,62.62422256,83.48195661,57.10351384,89.00266533
1643,5.49863,68.49139163,58.06116027,78.92162298,52.53972932,84.44305394
1644,5.50137,61.05735348,50.62575797,71.48894899,45.10360488,77.01110208
1645,5.50411,60.70035727,50.26739779,71.13331675,44.74452265,76.65619188
1646,5.506849,60.08392359,49.64960032,70.51824687,44.12600323,76.04184395
1647,5.509589,60.6469357,50.21124881,71.0826226,44.68692987,76.60694154
1648,5.512329,76.27836895,65.84131862,86.71541928,60.31627792,92.24045998
1649,5.515068,74.00909974,63.57068615,84.44751333,58.04492378,89.9732757
1650,5.517808,67.30178401,56.86200733,77.74156068,51.33552339,83.26804462
1651,5.520548,69.06839458,58.627255,79.50953416,53.10004958,85.03673958
1652,5.523288,65.63880083,55.19629852,76.08130314,49.66837172,81.60922994
1653,5.526027,54.63356247,44.18969762,65.07742732,38.66104952,70.60607542
1654,5.528767,68.37697348,57.93174625,78.8222007,52.40237696,84.35156999
1655,5.531507,67.60941422,57.1628248,78.05600364,51.63273441,83.58609403
1656,5.534247,68.64306414,58.19511271,79.09101558,52.66430131,84.62182698
1657,5.536986,71.41834319,60.96902992,81.86765646,55.4374976,87.39918878
1658,5.539726,59.84300086,49.39232593,70.2936758,43.8600728,75.82592893
1659,5.542466,67.29044935,56.83841293,77.74248577,51.30543908,83.27545963
1660,5.545205,71.51739142,61.06399369,81.97078914,55.5302992,87.50448363
1661,5.547945,75.95420673,65.49944788,86.40896558,59.96503285,91.94338061
1662,5.550685,66.17504059,55.71892078,76.6311604,50.18378531,82.16629587
1663,5.553425,66.90214889,56.44466831,77.35962947,50.90881249,82.8954853
1664,5.556164,76.13920492,65.68036374,86.5980461,60.14378766,92.13462218
1665,5.558904,82.89019326,72.42999166,93.35039485,66.89269541,98.8876911
1666,5.561644,68.84198313,58.38042129,79.30354497,52.84240498,84.84156129
1667,5.564384,70.61379038,60.15086848,81.07671229,54.61213219,86.61544858
1668,5.567123,70.90841405,60.44413225,81.37269585,54.90467608,86.91215202
1669,5.569863,68.50702437,58.04138286,78.97266589,52.5012069,84.51284185
1670,5.572603,67.64841246,57.18141141,78.11541351,51.64051576,83.65630916
1671,5.575342,79.3280115,68.85965109,89.79637191,63.31803583,95.33798716
1672,5.578082,67.05958403,56.58986444,77.52930363,51.04752967,83.07163839
1673,5.580822,70.87019469,60.39911609,81.34127329,54.85606191,86.88432747
1674,5.583562,76.83206382,66.35962639,87.30450126,60.81585289,92.84827476
1675,5.586301,77.4493916,66.97559551,87.92318769,61.43110278,93.46768042
1676,5.589041,69.94962751,59.47447294,80.42478207,53.92926108,85.96999394
1677,5.591781,78.63175518,68.15524232,89.10826805,62.60931141,94.65419896
1678,5.594521,77.80130079,67.32342979,88.27917178,61.77677994,93.82582164
1679,5.59726,76.86658732,66.38735838,87.34581626,60.83998967,92.89318498
1680,5.6,65.01008751,54.52950079,75.49067423,48.98141332,81.0387617
1681,5.60274,70.10955186,59.62760754,80.59149617,54.0788014,86.14030232
1682,5.605479,81.25956484,70.7762631,91.74286658,65.22673839,97.2923913
1683,5.608219,68.77505407,58.29039509,79.25971306,52.74015189,84.80995626
1684,5.610959,78.92040462,68.43438856,89.40642068,62.88342697,94.95738227
1685,5.613699,74.11310001,63.62572706,84.60047296,58.07404717,90.15215285
1686,5.616438,66.76415062,56.27542095,77.25288029,50.72302285,82.80527838
1687,5.619178,73.82236312,63.3322769,84.31244933,57.7791607,89.86556554
1688,5.621918,75.44026791,64.94882532,85.93171049,59.3949911,91.48554472
1689,5.624658,79.21026352,68.71746475,89.7030623,63.1629126,95.25761445
1690,5.627397,66.79658103,56.30242623,77.29073582,50.74715625,82.8460058
1691,5.630137,61.9210495,51.42553886,72.41656014,45.86955114,77.97254786
1692,5.632877,73.41006259,62.91319628,83.9069289,57.35649091,89.46363427
1693,5.635616,77.94669104,67.44846924,88.44491284,61.89104632,94.00233577
1694,5.638356,74.54532639,64.04574927,85.04490351,58.48760888,90.60304389
1695,5.641096,66.2871576,55.78622533,76.78808986,50.22736758,82.34694761
1696,5.643836,81.72681182,71.22452459,92.22909905,65.66494955,97.78867408
1697,5.646575,68.13919976,57.63555774,78.64284179,52.07526552,84.203134
1698,5.649315,71.93370698,61.42871034,82.43870362,55.86770103,87.99971293
1699,5.652055,81.82391122,71.31756013,92.33026231,65.75583382,97.89198861
1700,5.654795,58.696277,48.18857164,69.20398236,42.62612843,74.76642557
1701,5.657534,79.49757124,68.98851179,90.00663069,63.42535176,95.56979072
1702,5.660274,74.65199014,64.14157676,85.16240351,58.57770001,90.72628026
1703,5.663014,75.07630618,64.56453906,85.5880733,58.99994568,91.15266668
1704,5.665753,76.90456311,66.39144242,87.4176838,60.8261325,92.98299372
1705,5.668493,73.04240511,62.52793102,83.5568792,56.96190466,89.12290556
1706,5.671233,70.95350643,60.43767911,81.46933374,54.87093639,87.03607646
1707,5.673973,59.73104196,49.2138616,70.24822232,43.64640262,75.8156813
1708,5.676712,75.55309224,65.034559,86.07162548,59.46638385,91.63980062
1709,5.679452,69.18136481,58.66147887,79.70125074,53.09258764,85.27014197
1710,5.682192,77.9466943,67.42545583,88.46793276,61.85584862,94.03753997
1711,5.684932,70.47051079,59.94791997,80.99310161,54.37759687,86.56342471
1712,5.687671,68.8883437,58.3644007,79.4122867,52.7933618,84.9833256
1713,5.690411,71.84821822,61.32292322,82.37351323,55.75116861,87.94526784
1714,5.693151,70.21825362,59.69160678,80.74490046,54.11913655,86.31737069
1715,5.69589,60.32244337,49.79444488,70.85044187,44.22125912,76.42362762
1716,5.69863,71.96895612,61.43960614,82.49830611,55.86570496,88.07220729
1717,5.70137,69.97354746,59.44284616,80.50424875,53.86822964,86.07886528
1718,5.70411,73.65278302,63.12073058,84.18483545,57.54539881,89.76016723
1719,5.706849,67.00162207,56.46821867,77.53502547,50.89217174,83.1110724
1720,5.709589,64.57489002,54.04013583,75.10964421,48.46337383,80.68640621
1721,5.712329,62.69600548,52.15990067,73.23211029,46.5824237,78.80958727
1722,5.715068,74.03036717,63.49291191,84.56782242,57.91472006,90.14601428
1723,5.717808,59.93257805,49.39377253,70.47138358,43.81486588,76.05029023
1724,5.720548,66.09059681,55.55044119,76.63075244,49.97081984,82.21037379
1725,5.723288,60.66403967,50.12253412,71.20554522,44.54219816,76.78588118
1726,5.726027,56.52610994,45.98325463,67.06896525,40.40220416,72.65001572
1727,5.728767,76.63738305,66.09317816,87.18158794,60.51141327,92.76335284
1728,5.731507,64.71221533,54.16666103,75.25776962,48.5841818,80.84024886
1729,5.734247,66.44739819,55.90049466,76.99430172,50.31730119,82.5774952
1730,5.736986,69.74748592,59.19923332,80.29573851,53.6153257,85.87964614
1731,5.739726,61.19079116,50.64118967,71.74039264,45.05656798,77.32501433
1732,5.742466,64.39735104,53.84640083,74.94830124,48.26106518,80.53363689
1733,5.745205,64.77163194,54.2193332,75.32393069,48.63328366,80.90998022
1734,5.747945,64.37535175,53.82170462,74.92899887,48.23494131,80.51576218
1735,5.750685,63.06615731,52.51116198,73.62115263,46.92368497,79.20862964
1736,5.753425,68.1010054,57.54466204,78.65734875,51.95647143,84.24553936
1737,5.756164,60.2229396,49.66524839,70.78063081,44.07634426,76.36953494
1738,5.758904,68.3795578,57.8205189,78.93859669,52.23090135,84.52821424
1739,5.761644,67.83950843,57.27912202,78.39989484,51.68879115,83.99022572
1740,5.764384,54.85421247,44.29247872,65.41594622,38.70143461,71.00699034
1741,5.767123,62.68341109,52.12033017,73.24649201,46.52857291,78.83824927
1742,5.769863,52.90863094,42.34420302,63.47305885,36.7517327,69.06552917
1743,5.772603,53.91355933,43.34778459,64.47933407,37.7546013,70.07251736
1744,5.775342,61.9919899,51.42486851,72.5591113,45.83097234,78.15300746
1745,5.778082,68.42694686,57.85847898,78.99541474,52.26387003,84.59002368
1746,5.780822,56.98680217,46.41698799,67.55661636,40.82166634,73.151938
1747,5.783562,57.65137627,47.08021595,68.2225366,41.4841817,73.81857085
1748,5.786301,59.41432017,48.84181388,69.98682647,43.24506712,75.58357322
1749,5.789041,61.11349877,50.53964668,71.68735086,44.9421875,77.28481004
1750,5.791781,46.65357558,36.07837787,57.2287733,30.48020635,62.82694481
1751,5.794521,53.45872593,42.88218276,64.0352691,37.283299,69.63415285
1752,5.79726,51.10519981,40.52731135,61.68308826,34.92771545,67.28268416
1753,5.8,54.84463968,44.26540611,65.42387324,38.66509815,71.0241812
1754,5.80274,51.16665214,40.58607363,61.74723064,34.9850537,67.34825057
1755,5.805479,53.67409462,43.09217134,64.25601789,37.49043953,69.8577497
1756,5.808219,56.87894427,46.29567639,67.46221215,40.6932328,73.06465574
1757,5.810959,52.0494352,41.4648229,62.63404751,35.86166761,68.2372028
1758,5.813699,62.40217572,51.81621916,72.98813228,46.21235226,78.59199918
1759,5.816438,54.97968815,44.3923875,65.5669888,38.78780908,71.17156721
1760,5.819178,57.09863642,46.50999185,67.68728098,40.90470201,73.29257082
1761,5.821918,59.26379155,48.67380324,69.85377986,43.06780206,75.45978104
1762,5.824658,47.64972055,37.05838867,58.24105244,31.45167624,63.84776487
1763,5.827397,56.28406724,45.69139195,66.87674254,40.08396837,72.48416612
1764,5.830137,63.44933487,52.85531635,74.0433534,47.2471817,79.65148805
1765,5.832877,47.74016388,37.14480229,58.33552547,31.53595667,63.94437109
1766,5.835616,62.28738526,51.69068077,72.88408974,46.08112427,78.49364624
1767,5.838356,49.6040971,39.00604989,60.20214431,33.39578259,65.81241161
1768,5.841096,59.33837051,48.73898075,69.93776027,43.12800274,75.54873828
1769,5.843836,51.83811036,41.23737821,62.4388425,35.62568959,68.05053112
1770,5.846575,63.98863611,53.38656176,74.59071047,47.77416261,80.20310962
1771,5.849315,57.92040818,47.31699178,68.52382458,41.7038822,74.13693416
1772,5.852055,50.35286028,39.748102,60.95761856,34.13428208,66.57143848
1773,5.854795,49.9566706,39.35057062,60.56277058,33.73604044,66.17730076
1774,5.857534,50.93240504,40.32496353,61.53984655,34.70972318,67.1550869
1775,5.860274,62.24041113,51.63162825,72.84919401,46.01567783,78.46514443
1776,5.863014,48.65788711,38.04776303,59.26801118,32.43110263,64.88467159
1777,5.865753,59.45965648,48.84819138,70.07112158,43.23082107,75.68849188
1778,5.868493,56.24825786,45.63545191,66.86106382,40.0173718,72.47914393
1779,5.871233,50.34153332,39.72738667,60.95567996,34.10859684,66.57446979
1780,5.873973,61.36715913,50.75167197,71.9826463,45.13217252,77.60214575
1781,5.876712,46.47061985,35.85379234,57.08744736,30.23358335,62.70765635
1782,5.879452,57.22547165,46.60730396,67.84363934,40.98638552,73.46455778
1783,5.882192,53.74022354,43.12071584,64.35973124,37.49908804,69.98135904
1784,5.884932,57.59602798,46.97518044,68.21687552,41.35284337,73.83921258
1785,5.887671,50.48448231,39.86229509,61.10666952,34.23924885,66.72971576
1786,5.890411,55.47047673,44.84695001,66.09400344,39.22319467,71.71775878
1787,5.893151,51.26031804,40.63545199,61.88518409,35.01098765,67.50964843
1788,5.89589,55.97154189,45.34533667,66.5977471,39.72016343,72.22292035
1789,5.89863,48.9967991,38.36925488,59.62434331,32.74337281,65.25022538
1790,5.90137,54.86148192,44.23259888,65.49036496,38.60600808,71.11695577
1791,5.90411,63.84923844,53.21901674,74.47946014,47.5917173,80.10675959
1792,5.906849,60.47804445,49.84648427,71.10960464,44.21847626,76.73761264
1793,5.909589,65.56604128,54.93314277,76.19893979,49.3044263,81.82765626
1794,5.912329,50.85122615,40.21698949,61.48546281,34.58756464,67.11488766
1795,5.915068,56.68372139,46.04814674,67.31929604,40.41801361,72.94942917
1796,5.917808,74.01800651,63.38109405,84.65491898,57.75025272,90.28576031
1797,5.920548,50.49900232,39.8607522,61.13725244,34.22920277,66.76880187
1798,5.923288,57.10209865,46.46251105,67.74168624,40.8302536,73.3739437
1799,5.926027,57.48383582,46.84291091,68.12476073,41.20994552,73.75772611
1800,5.928767,53.37347143,42.73120938,64.01573348,37.09753615,69.64940671
1801,5.931507,62.20669157,51.56309253,72.8502906,45.92871156,78.48467158
1802,5.934247,55.37249786,44.72756202,66.0174337,39.09247337,71.65252234
1803,5.936986,62.46686603,51.82059355,73.11313851,46.18479733,78.74893473
1804,5.939726,49.91652683,39.26891788,60.56413579,33.63241418,66.20063949
1805,5.942466,65.97345309,55.32450783,76.62239835,49.68729673,82.25960945
1806,5.945205,61.14857563,50.49829424,71.79885703,44.86037583,77.43677544
1807,5.947945,70.12300987,59.4713925,80.77462723,53.83276687,86.41325286
1808,5.950685,57.67788075,47.02492758,68.33083392,41.38559482,73.97016668
1809,5.953425,54.30051952,43.64623072,64.95480832,38.00619092,70.59484813
1810,5.956164,61.44601982,50.79039555,72.10164409,45.14964879,77.74239085
1811,5.958904,49.96950638,39.31254681,60.62646595,33.67109318,66.26791957
1812,5.961644,53.13184142,42.47354672,63.79013612,36.83138632,69.43229652
1813,5.964384,57.41070987,46.7510802,68.07033953,41.10821311,73.71320662
1814,5.967123,60.6220842,49.96111973,71.28304867,44.31754604,76.92662235
1815,5.969863,58.68125484,48.01895574,69.34355394,42.37467554,74.98783414
1816,5.972603,60.43231804,49.76868447,71.0959516,44.12369785,76.74093822
1817,5.975342,59.34215653,48.67718867,70.00712439,43.03149572,75.65281735
1818,5.978082,67.32976135,56.66345936,77.99606335,51.01706016,83.64246255
1819,5.980822,69.35539495,58.687759,80.02303091,53.04065364,85.67013627
1820,5.983562,66.84278779,56.17381804,77.51175754,50.52600661,83.15956897
1821,5.986301,65.11141646,54.44111308,75.78171985,48.79259567,81.43023726
1822,5.989041,61.70219894,51.03056209,72.37383578,45.38133879,78.02305909
1823,5.991781,64.34206251,53.66909237,75.01503265,48.01916326,80.66496176
1824,5.994521,63.14953785,52.47523458,73.82384112,46.82459975,79.47447595
1825,5.99726,61.72491188,51.04927565,72.40054812,45.39793519,78.05188857
1826,6,72.63811971,61.96115068,83.31508875,56.30910469,88.96713474
1827,6.00274,61.18034693,50.50204526,71.8586486,44.84929382,77.51140004
1828,6.005479,66.75802934,56.07839521,77.43766347,50.4249384,83.09112028
1829,6.008219,58.07317305,47.39220662,68.75413948,41.73804454,74.40830156
1830,6.010959,75.15934343,64.47704487,85.84164199,58.8221776,91.49650926
1831,6.013699,66.94967953,56.26604901,77.63331006,50.61047663,83.28888243
1832,6.016438,68.60116778,57.91620546,79.28613011,52.25992807,84.9424075
1833,6.019178,71.50745252,60.82115856,82.19374648,55.16417625,87.8507288
1834,6.021918,60.50317269,49.81554726,71.19079812,44.15786011,76.84848527
1835,6.024658,74.56892857,63.87997184,85.25788531,58.22157994,90.9162772
1836,6.027397,67.70824548,57.01795761,78.39853335,51.35886105,84.05762991
1837,6.030137,63.68595776,52.99433892,74.3775766,47.33453779,80.03737773
1838,6.032877,74.4520431,63.75909345,85.14499274,58.09858784,90.80549836
1839,6.035616,69.16014178,58.4658615,79.85442207,52.80465148,85.51563208
1840,6.038356,75.91080471,65.21519395,86.60641547,59.55327962,92.26832979
1841,6.041096,68.10428787,57.4073468,78.80122894,51.74472825,84.46384749
1842,6.043836,71.49309384,60.79482263,82.19136506,55.13149995,87.85468774
1843,6.046575,72.13733938,61.43773819,82.83694057,55.77371146,88.5009673
1844,6.049315,64.84265977,54.14172877,75.54359077,48.47699807,81.20832146
1845,6.052055,75.44998345,64.7477228,86.1522441,59.08228823,91.81767866
1846,6.054795,65.61330838,54.90971824,76.31689851,49.24357989,81.98303686
1847,6.057534,64.75255092,54.04763147,75.45747037,48.38078942,81.12431241
1848,6.060274,63.62405128,52.91780268,74.33029988,47.25025702,79.99784554
1849,6.063014,61.06489143,50.35731385,71.77246902,44.68906467,77.4407182
1850,6.065753,81.75801545,71.04910904,92.46692186,65.38015643,98.13587448
1851,6.068493,80.51051576,69.80028069,91.22075083,64.13062473,96.89040679
1852,6.071233,72.50318587,61.79162231,83.21474943,56.12126309,88.88510866
1853,6.073973,70.56127565,59.84838377,81.27416754,54.17732136,86.94522994
1854,6.076712,71.48713865,60.7729186,82.2013587,55.10115311,87.87312419
1855,6.079452,69.18261053,58.46706248,79.89815858,52.794594,85.57062707
1856,6.082192,75.93460971,65.21773383,86.6514856,59.54456243,92.324657
1857,6.084932,68.89357937,58.17537582,79.61178292,52.50150159,85.28565715
1858,6.087671,68.5973504,57.87781934,79.31688146,52.20324238,84.99145842
1859,6.090411,81.1567703,70.4359119,91.8776287,64.76063228,97.55290831
1860,6.093151,76.61937345,65.89718788,87.34155903,60.2212057,93.01754121
1861,6.09589,78.18770538,67.4641928,88.91121797,61.78750814,94.58790263
1862,6.09863,86.00309095,75.27825151,96.72793038,69.60086446,102.4053174
1863,6.10137,73.90929004,63.18312392,84.63545616,57.50503457,90.31354551
1864,6.10411,79.44093705,68.71344441,90.16842968,63.03465284,95.84722125
1865,6.106849,74.11017999,63.38136099,84.83899898,57.70186729,90.51849268
1866,6.109589,76.76271102,66.03256583,87.4928562,60.35237009,93.17305195
1867,6.112329,69.79530746,59.06383625,80.52677867,53.38293855,86.20767637
1868,6.115068,70.77100173,60.03820466,81.50379881,54.35660509,87.18539838
1869,6.117808,70.25151006,59.51738729,80.98563283,53.83508593,86.66793419
1870,6.120548,73.00740182,62.27195351,83.74285013,56.58895046,89.42585319
1871,6.123288,75.38677578,64.6500021,86.12354946,58.96629743,91.80725412
1872,6.126027,69.15396427,58.41586538,79.89206316,52.73145919,85.57646935
1873,6.128767,74.13659783,63.39717389,84.87602177,57.71206627,90.56112939
1874,6.131507,76.34818793,65.60743911,87.08893675,59.92163014,92.77474573
1875,6.134247,78.74661578,68.00454224,89.48868932,62.31803201,95.17519956
1876,6.136986,74.42122579,63.6778277,85.16462389,57.99061628,90.8518353
1877,6.139726,78.87517452,68.13045204,89.61989701,62.44253953,95.30780951
1878,6.142466,73.47049515,62.72444844,84.21654187,57.03583493,89.90515538
1879,6.145205,78.00623016,67.25885938,88.75360094,61.56954495,94.44291537
1880,6.147945,78.57016596,67.82147128,89.31886065,62.13145602,95.00887591
1881,6.150685,76.01454064,65.26452222,86.76455906,59.57380621,92.45527507
1882,6.153425,76.55899623,65.80765423,87.31033823,60.11623757,93.0017549
1883,6.156164,72.19570058,61.44303517,82.948366,55.75091794,88.64048323
1884,6.158904,71.99379737,61.23980871,82.74778604,55.54699099,88.44060376
1885,6.161644,73.8663488,63.11103705,84.62166055,57.41751893,90.31517868
1886,6.164384,68.72786691,57.97123223,79.48450159,52.27701379,85.17872002
1887,6.167123,69.95859921,59.20064177,80.71655665,53.5057231,86.41147531
1888,6.169863,73.03544109,62.27616105,83.79472113,56.58054224,89.49033993
1889,6.172603,81.09578322,70.33518074,91.8563857,64.63886188,97.55270456
1890,6.175342,62.17004784,51.40812308,72.93197259,45.71110425,78.62899142
1891,6.178082,64.34164438,53.57839752,75.10489125,47.8806788,80.80260997
1892,6.180822,74.72170261,63.95713379,85.48627142,58.25871528,91.18468994
1893,6.183562,81.84809737,71.08220677,92.61398798,65.38308854,98.3131062
1894,6.186301,74.40560662,63.63839439,85.17281884,57.93857653,90.8726367
1895,6.189041,70.21800997,59.44947628,80.98654366,53.74895889,86.68706106
1896,6.191781,76.33174404,65.56188905,87.10159903,59.8606722,92.80281588
1897,6.194521,78.12830749,67.35713136,88.89948362,61.65521514,94.60139984
1898,6.19726,65.73561287,54.96311576,76.50810998,49.26050026,82.21072548
1899,6.2,71.72319808,60.94938016,82.49701601,55.24606546,88.20033071
1900,6.20274,60.00094442,49.22580584,70.776083,43.52179203,76.4800968
1901,6.205479,67.73927621,56.96281715,78.51573528,51.25810431,84.22044812
1902,6.208219,72.00971577,61.23193637,82.78749516,55.52652459,88.49290694
1903,6.210959,66.98747975,56.20838019,77.76657932,50.50226956,83.47268995
1904,6.213699,68.19692139,57.41650182,78.97734096,51.70969242,84.68415036
1905,6.216438,70.4151323,59.63339289,81.19687172,53.92588481,86.9043798
1906,6.219178,67.93197934,57.14892024,78.71503844,51.44071356,84.42324512
1907,6.221918,69.04852723,58.26414861,79.83290585,52.55524341,85.54181104
1908,6.224658,66.12964906,55.34395108,76.91534704,49.63434746,82.62495066
1909,6.227397,70.66916,59.88214282,81.45617718,54.17184086,87.16647914
1910,6.230137,74.84432451,64.0559883,85.63266073,58.34498808,91.34366095
1911,6.232877,58.23597388,47.44631878,69.02562897,41.73462039,74.73732736
1912,6.235616,62.62446635,51.83349254,73.41544015,46.12109606,79.12783663
1913,6.238356,63.02429892,52.23200656,73.81659128,46.51891208,79.52968576
1914,6.241096,62.38660674,51.59299598,73.18021749,45.87920359,78.89400988
1915,6.243836,71.92482742,61.12989844,82.71975641,55.41540822,88.43424663
1916,6.246575,72.39152101,61.59527396,83.18776807,55.88008599,88.90295603
1917,6.249315,52.42468955,41.62712458,63.22225452,35.91123896,68.93814014
1918,6.252055,57.14542795,46.34654523,67.94431067,40.62996204,73.66089386
1919,6.254795,58.82841961,48.02821931,69.62861992,42.31093862,75.3459006
1920,6.257534,63.14254818,52.34103045,73.94406591,46.62305236,79.662044
1921,6.260274,57.39569495,46.59285995,68.19852995,40.87418454,73.91720535
1922,6.263014,57.54936046,46.74520836,68.35351257,41.02583571,74.07288521
1923,6.265753,56.11418329,45.30871424,66.91965234,39.58864445,72.63972214
1924,6.268493,69.32289579,58.51610995,80.12968162,52.79534309,85.85044848
1925,6.271233,56.0605411,45.25243864,66.86864356,39.5309748,72.59010739
1926,6.273973,60.00057254,49.19115361,70.80999146,43.46899288,76.53215219
1927,6.276712,63.52204943,52.7113142,74.33278466,46.98845667,80.0556422
1928,6.279452,61.1234968,50.31144543,71.93554817,44.58789116,77.65910243
1929,6.282192,55.93265946,45.1192921,66.74602682,39.3950412,72.47027772
1930,6.284932,59.8738691,49.05918592,70.68855228,43.33423846,76.41349974
1931,6.287671,61.43402443,50.61802558,72.25002327,44.89238166,77.9756672
1932,6.290411,62.59459111,51.77727677,73.41190546,46.05093645,79.13824577
1933,6.293151,60.94907936,50.13044967,71.76770905,44.40341306,77.49474567
1934,6.29589,71.92825374,61.10830887,82.74819861,55.38057604,88.47593144
1935,6.29863,60.00717316,49.18591326,70.82843306,43.4574843,76.55686202
1936,6.30137,64.26628335,53.44370859,75.08885811,47.71458358,80.81798312
1937,6.30411,56.88834973,46.06446026,67.71223919,40.33463929,73.44206016
1938,6.306849,59.10790549,48.28270148,69.9331095,42.55218463,75.66362635
1939,6.309589,64.92536651,54.09884812,75.75188491,48.36763548,81.48309755
1940,6.312329,59.10769788,48.27986526,69.9355305,42.54795691,75.66743885
1941,6.315068,59.99531648,49.16616979,70.82446316,43.43356582,76.55706714
1942,6.317808,60.55827387,49.72781327,71.38873446,43.99451376,77.12203398
1943,6.320548,54.10911343,43.27733909,64.94088777,37.54334412,70.67488274
1944,6.323288,57.91638953,47.0833016,68.74947746,41.34861126,74.4841678
1945,6.326027,48.25504988,37.42064852,59.08945124,31.6852629,64.82483687
1946,6.328767,53.05996009,42.22424547,63.89567472,36.48816464,69.63175555
1947,6.331507,54.88164257,44.04461483,65.7186703,38.30783888,71.45544625
1948,6.334247,51.87945027,41.04110958,62.71779096,35.3036386,68.45526194
1949,6.336986,43.13255245,32.29289897,53.97220593,26.55473303,59.71037186
1950,6.339726,58.13958353,47.29861742,68.98054965,41.55975662,74.71941045
1951,6.342466,51.45966841,40.61738982,62.30194699,34.87783424,68.04150258
1952,6.345205,51.21973691,40.37614601,62.06332781,34.63589573,67.80357809
1953,6.347945,63.41831895,52.57341589,74.26322201,46.832471,80.0041669
1954,6.350685,52.15520603,41.30899097,63.00142109,35.56735155,68.74306051
1955,6.353425,61.6641449,50.816618,72.51167179,45.07428413,78.25400566
1956,6.356164,53.68447076,42.83563219,64.53330934,37.09260396,70.27633757
1957,6.358904,58.70645761,47.85630752,69.55660771,42.11258501,75.30033022
1958,6.361644,46.0751502,35.22368874,56.92661166,29.47927204,62.67102836
1959,6.364384,42.70271588,31.84994321,53.55548854,26.1048324,59.30059935
1960,6.367123,51.63456931,40.7804856,62.48865302,35.03468076,68.23445786
1961,6.369863,52.63355642,41.77816182,63.48895102,36.03166304,69.2354498
1962,6.372603,59.34656937,48.48986404,70.2032747,42.7426714,75.95046734
1963,6.375342,60.1344374,49.2764215,70.99245331,43.52853509,76.74033972
1964,6.378082,56.4140689,45.55474258,67.27339521,39.80616248,73.02197532
1965,6.380822,49.12073756,38.260101,59.98137413,32.51082728,65.73064785
1966,6.383562,61.79775287,50.9358062,72.65969953,45.18583896,78.40966677
1967,6.386301,53.82560662,42.96235001,64.68886322,37.21168934,70.4395239
1968,6.389041,50.74732253,39.88275614,61.61188892,34.13140211,67.36324295
1969,6.391781,51.32417832,40.45830231,62.19005433,34.70625501,67.94210164
1970,6.394521,54.22472054,43.35753507,65.09190602,37.60479457,70.84464651
1971,6.39726,58.03701391,47.16851913,68.9055087,41.41508553,74.6589423
1972,6.4,55.81105869,44.94125476,66.68086262,39.18712813,72.43498925
1973,6.40274,59.05884319,48.18773027,69.92995612,42.43291071,75.68477568
1974,6.405479,54.69704326,43.82462149,65.56946502,38.06910908,71.32497743
1975,6.408219,58.61162764,47.7378972,69.48535808,41.98169201,75.24156327
1976,6.410959,48.44060053,37.56556157,59.31563949,31.80866369,65.07253736
1977,6.413699,55.14668284,44.27033552,66.02303017,38.51274504,71.78062065
1978,6.416438,48.61835481,37.74069928,59.49601034,31.98241628,65.25429334
1979,6.419178,53.99653354,43.11756996,64.87549711,37.35859452,70.63447255
1980,6.421918,60.64311953,49.76284806,71.52339099,44.00318026,77.28305879
1981,6.424658,55.1804097,44.2988305,66.0619889,38.53847043,71.82234897
1982,6.427397,60.45875134,49.57586457,71.34163812,43.81481231,77.10269038
1983,6.430137,66.16105648,55.27686228,77.04525067,49.51511792,82.80699504
1984,6.432877,54.60361976,43.71811831,65.48912122,37.95568192,71.25155761
1985,6.435616,49.62490612,38.73809756,60.51171468,32.97496923,66.27484301
1986,6.438356,54.7803315,43.89221599,65.66844701,38.12839581,71.4322672
1987,6.441096,60.28448972,49.39506742,71.17391202,43.63055547,76.93842398
1988,6.443836,60.41265977,49.52193084,71.30338871,43.75672719,77.06859236
1989,6.446575,57.13429016,46.24225474,68.02632557,40.47635949,73.79222083
1990,6.449315,54.97862475,44.08528301,65.87196648,38.31869623,71.63855326
1991,6.452055,59.26408675,48.36943885,70.15873465,42.60216063,75.92601287
1992,6.454795,51.48384893,40.58789502,62.37980283,34.81992544,68.14777242
1993,6.457534,52.64523694,41.74797719,63.5424967,35.97931633,69.31115756
1994,6.460274,65.0565703,54.15800484,75.95513575,48.38865279,81.7244878
1995,6.463014,67.10300349,56.2031325,78.00287448,50.43308934,83.77291764
1996,6.465753,49.2407103,38.33953393,60.14188667,32.56879974,65.91262086
1997,6.468493,60.67355707,49.77107547,71.57603867,43.99965034,77.3474638
1998,6.471233,59.57433932,48.67055265,70.47812599,42.89843666,76.25024198
1999,6.473973,64.30369775,53.39860616,75.20878933,47.62579939,80.9815961
2000,6.476712,64.71128183,53.80488549,75.61767817,48.03138802,81.39117564
2001,6.479452,69.71566885,58.80796791,80.62336979,53.03377982,86.39755787
2002,6.482192,55.00641553,44.09741015,65.91542092,38.32253153,71.69029954
2003,6.484932,64.62484939,53.71453972,75.53515907,47.93897065,81.31072813
2004,6.487671,61.39374372,50.48212991,72.30535752,44.70587048,78.08161696
2005,6.490411,60.48232188,49.56940409,71.39523966,43.79245438,77.17218938
2006,6.493151,64.93819936,54.02397776,75.85242097,48.24633784,81.63006089
2007,6.49589,73.05308958,62.13756431,83.96861486,56.35923427,89.74694489
2008,6.49863,68.49139163,57.57456284,79.40822041,51.79554277,85.18724048
2009,6.50137,61.05735348,50.13922134,71.97548562,44.35951131,77.75519565
2010,6.50411,60.70035727,49.78092193,71.6197926,44.00052203,77.4001925
2011,6.506849,60.08392359,49.16318521,71.00466197,43.38209552,76.78575166
2012,6.509589,60.6469357,49.72489443,71.56897697,43.94311504,77.35075637
2013,6.512329,76.27836895,65.35502495,87.20171295,59.57255593,92.98418197
2014,6.515068,74.00909974,63.08445316,84.93374632,57.3012946,90.71690488
2015,6.517808,67.30178401,56.37583501,78.22773301,50.59198698,84.01158103
2016,6.520548,69.06839458,58.14114331,79.99564585,52.35660591,85.78018325
2017,6.523288,65.63880083,54.71024745,76.56735421,48.92502075,82.35258091
2018,6.526027,54.63356247,43.70370713,65.56341781,37.91779122,71.34933372
2019,6.528767,68.37697348,57.44581634,79.30813061,51.65921129,85.09473566
2020,6.531507,67.60941422,56.67695543,78.541873,50.88966134,84.3291671
2021,6.534247,68.64306414,57.70930387,79.57682442,51.92132081,85.36480748
2022,6.536986,71.41834319,60.48328158,82.3534048,54.69460963,88.14207675
2023,6.539726,59.84300086,48.90663807,70.77936366,43.11727732,76.56872441
2024,6.542466,67.29044935,56.35278553,78.22811317,50.56273606,84.01816265
2025,6.545205,71.51739142,60.57842673,82.45635611,54.78768861,88.24709423
2026,6.547945,75.95420673,65.01394132,86.89447214,59.22251465,92.68589881
2027,6.550685,66.17504059,55.23347462,77.11660656,49.44135947,82.90872171
2028,6.553425,66.90214889,55.95928251,77.84501528,50.16647897,83.63781882
2029,6.556164,76.13920492,65.19503829,87.08337156,59.40154643,92.87686341
2030,6.558904,82.89019326,71.94472652,93.83565999,66.15054643,99.62984008
2031,6.561644,68.84198313,57.89521645,79.78874981,52.10034821,85.58361805
2032,6.564384,70.61379038,59.66572391,81.56185685,53.87016761,87.35741316
2033,6.567123,70.90841405,59.95904794,81.85778015,54.16280365,87.65402444
2034,6.569863,68.50702437,57.55635879,79.45768996,51.75942659,85.25462216
2035,6.572603,67.64841246,56.69644754,78.60037738,50.89882753,84.39799739
2036,6.575342,79.3280115,68.37474741,90.28127559,62.57643965,96.07958335
2037,6.578082,67.05958403,56.10502092,78.01414714,50.3060255,83.81314256
2038,6.580822,70.87019469,59.91433272,81.82605666,54.11464972,87.62573966
2039,6.583562,76.83206382,65.87490314,87.78922451,60.07453264,93.589595
2040,6.586301,77.4493916,66.49093236,88.40785084,60.68987445,94.20890875
2041,6.589041,69.94962751,58.98986986,80.90938515,53.18812462,86.7111304
2042,6.591781,78.63175518,67.67069929,89.59281108,61.86826679,95.39524357
2043,6.594521,77.80130079,66.83894679,88.76365478,61.03582713,94.56677445
2044,6.59726,76.86658732,65.90293538,87.83023926,60.09912863,93.63404601
2045,6.6,65.01008751,54.04513778,75.97503724,48.24064402,81.779531
2046,6.60274,70.10955186,59.1433045,81.07579922,53.33812381,86.88097991
2047,6.605479,81.25956484,70.29202,92.22710969,64.48615247,98.03297722
2048,6.608219,68.77505407,57.8062119,79.74389624,51.9996576,85.55045054
2049,6.610959,78.92040462,67.95026527,89.89054397,62.14302429,95.69778495
2050,6.613699,74.11310001,63.14166364,85.08453638,57.33373606,90.89246396
2051,6.616438,66.76415062,55.79141738,77.73688385,49.98280328,83.54549796
2052,6.619178,73.82236312,62.84833316,84.79639307,57.03903262,90.60569361
2053,6.621918,75.44026791,64.4649414,86.41559442,58.65495449,92.22558132
2054,6.624658,79.21026352,68.2336406,90.18688645,62.42296742,95.99755962
2055,6.627397,66.79658103,55.81866185,77.7745002,50.00730247,83.58585958
2056,6.630137,61.9210495,50.94183422,72.90026478,45.12978873,78.71231027
2057,6.632877,73.41006259,62.42955136,84.39057382,56.61681984,90.20330534
2058,6.635616,77.94669104,66.96488402,88.92849807,61.15146654,94.74191555
2059,6.638356,74.54532639,63.56222372,85.52842906,57.74812037,91.34253241
2060,6.641096,66.2871576,55.30275943,77.27155576,49.48797029,83.0863449
2061,6.643836,81.72681182,70.74111832,92.71250532,64.92564347,98.52798017
2062,6.646575,68.13919976,57.15221108,79.12618845,51.3360506,84.94234893
2063,6.649315,71.93370698,60.94542326,82.9219907,55.12857723,88.73883673
2064,6.652055,81.82391122,70.83433262,92.81348982,65.01680112,98.63102131
2065,6.654795,58.696277,47.70540368,69.68715033,41.88718679,75.50536721
2066,6.657534,79.49757124,68.50540334,90.48973914,62.68650115,96.30864133
2067,6.660274,74.65199014,63.65852782,85.64545246,57.8389404,91.46503988
2068,6.663014,75.07630618,64.08154958,86.07106277,58.26127702,91.89133533
2069,6.665753,76.90456311,65.9085124,87.90061382,60.08755477,93.72157145
2070,6.668493,73.04240511,62.04506043,84.03974978,56.22341782,89.8613924
2071,6.671233,70.95350643,59.95486794,81.95214491,54.13254042,87.77447243
2072,6.673973,59.73104196,48.73110981,70.73097411,42.90809747,76.55398645
2073,6.676712,75.55309224,64.55186658,86.5543179,58.7281695,92.37801498
2074,6.679452,69.18136481,58.17884579,80.18388382,52.35446405,86.00826557
2075,6.682192,77.9466943,66.94288207,88.95050652,61.11781575,94.77557284
2076,6.684932,70.47051079,59.46540552,81.47561606,53.63965469,87.30136689
2077,6.687671,68.8883437,57.88194552,79.89474188,52.05551028,85.72117712
2078,6.690411,71.84821822,60.8405273,82.85590915,55.01340771,88.68302874
2079,6.693151,70.21825362,59.2092701,81.22723714,53.38146625,87.05504099
2080,6.69589,60.32244337,49.3121674,71.33271934,43.48367938,77.16120737
2081,6.69863,71.96895612,60.95738786,82.98052439,55.12821574,88.80969651
2082,6.70137,69.97354746,58.96068705,80.98640786,53.13083091,86.81626401
2083,6.70411,73.65278302,62.63863062,84.66693541,56.80809054,90.49747549
2084,6.706849,67.00162207,55.98617784,78.01706631,50.1549539,83.84829025
2085,6.709589,64.57489002,53.5581541,75.59162594,47.72624638,81.42353366
2086,6.712329,62.69600548,51.67797802,73.71403294,45.84538661,79.54662436
2087,6.715068,74.03036717,63.01104832,85.04968601,57.17777329,90.88296105
2088,6.717808,59.93257805,48.91196798,70.95318813,43.0780094,76.7871467
2089,6.720548,66.09059681,55.06869566,77.11249797,49.23405363,82.94714
2090,6.723288,60.66403967,49.64084758,71.68723176,43.80552217,77.52255717
2091,6.726027,56.52610994,45.50162707,67.55059281,39.66561836,73.38660152
2092,6.728767,76.63738305,65.61160955,87.66315655,59.77491763,93.49984847
2093,6.731507,64.71221533,53.68515135,75.7392793,47.84777629,81.57665436
2094,6.734247,66.44739819,55.41904389,77.4757525,49.58098577,83.31381062
2095,6.736986,69.74748592,58.71784144,80.7771304,52.87910034,86.6158715
2096,6.739726,61.19079116,50.15985665,72.22172566,44.32043266,78.06114965
2097,6.742466,64.39735104,53.36512666,75.42957541,47.52501984,81.26968223
2098,6.745205,64.77163194,53.73811784,75.80514605,47.89732829,81.6459356
2099,6.747945,64.37535175,53.34054807,75.41015542,47.49907586,81.25162763
2100,6.750685,63.06615731,52.03006421,74.1022504,46.18790942,79.94440519
2101,6.753425,68.1010054,57.06362303,79.13838776,51.22078574,84.98122505
2102,6.756164,60.2229396,49.18426811,71.26161109,43.3407484,77.10513079
2103,6.758904,68.3795578,57.33959734,79.41951826,51.49539529,85.2637203
2104,6.761644,67.83950843,56.79825915,78.88075771,50.95337485,84.72564202
2105,6.764384,54.85421247,43.81167452,65.89675042,37.96610804,71.74231691
2106,6.767123,62.68341109,51.63958462,73.72723756,45.79333604,79.57348614
2107,6.769863,52.90863094,41.8635161,63.95374577,36.01658549,69.80067638
2108,6.772603,53.91355933,42.86715628,64.95996239,37.01954373,70.80757494
2109,6.775342,61.9919899,50.94429878,73.03968102,45.09600437,78.88797544
2110,6.778082,68.42694686,57.37796782,79.4759259,51.52899163,85.32490209
2111,6.780822,56.98680217,45.93653537,68.03706898,40.08687747,73.88672688
2112,6.783562,57.65137627,46.59982185,68.7029307,40.74948233,74.55327022
2113,6.786301,59.41432017,48.36147828,70.46716206,42.51045721,76.31818313
2114,6.789041,61.11349877,50.05936956,72.16762798,44.20766703,78.01933051
2115,6.791781,46.65357558,35.5981592,57.70899196,29.74577529,63.56137588
2116,6.794521,53.45872593,42.40202253,64.51542932,36.54895731,70.36849455
2117,6.79726,51.10519981,40.04720954,62.16319007,34.1934631,68.01693652
2118,6.8,54.84463968,43.78536269,65.90391666,37.9309351,71.75834426
2119,6.80274,51.16665214,40.10608858,62.22721569,34.25097992,68.08232435
2120,6.805479,53.67409462,42.61224464,64.73594459,36.75645499,70.59173424
2121,6.808219,56.87894427,45.81580803,67.94208051,39.95933747,73.79855108
2122,6.810959,52.0494352,40.98501284,63.11385756,35.12786145,68.97100896
2123,6.813699,62.40217572,51.33646739,73.46788405,45.47863524,79.3257162
2124,6.816438,54.97968815,43.912694,66.0466823,38.05418118,71.90519512
2125,6.819178,57.09863642,46.03035659,68.16691624,40.17116318,74.02610965
2126,6.821918,59.26379155,48.19422621,70.3333569,42.33435228,76.19323083
2127,6.824658,47.64972055,36.57886983,58.72057128,30.71831547,64.58112564
2128,6.827397,56.28406724,45.2119313,67.35620319,39.35069658,73.21743791
2129,6.830137,63.44933487,52.37591386,74.52275589,46.51399886,80.38467089
2130,6.832877,47.74016388,36.66545794,58.81486983,30.80286274,64.67746502